Setup title,"Gate Scan Cycles"
Application test name,gate_scan_cycles
Test date,12/19/2017
Test time,18:06:06
Device ID,1
Count,28
Flags,
Remarks,
Name,Gate,Source,Drain,False,VgStart,VgStop,VgStep,Vd,IgLimit,IntegTime,curr_cycle,Vs,HoldTime,DelayTime,DrainMinRng
Value,"SMU1:HP	HPSMU","SMU3:HR	HRSMU","SMU4:HR	HRSMU","SMU2:HR	HRSMU",-100,100,1,1,0.01,MEDIUM,0,0,0,0,1nA
Name,Polarity,Lg,Wg,Temp,IdMax,test_cycles
Value,1,1E-06,1E-05,25,0.01,2
Vgate,Idrain,Isource,Igate,t,cycle,Vdrain
-100,2.19E-10,8.179E-09,-1.777E-08,0.03423,0,1
-99,1.83E-10,1.804E-09,-2.328E-09,0.34102,0,1
-98,-6.6E-11,1.199E-09,-1.29E-09,0.57353,0,1
-97,2.09E-10,6.87E-10,-8.11E-10,0.85875,0,1
-96,4.1E-11,6.84E-10,-7.26E-10,1.1341,0,1
-95,1.67E-10,5.41E-10,-4.99E-10,1.41789,0,1
-94,1.57E-10,5.15E-10,-3.46E-10,1.71892,0,1
-93,-1.82E-10,4.73E-10,-4.22E-10,2.03039,0,1
-92,-1.2E-11,3.14E-10,-3.82E-10,2.31423,0,1
-91,1.61E-10,9.1E-11,-2.49E-10,2.59992,0,1
-90,-3.8E-11,3.02E-10,-2.32E-10,2.83248,0,1
-89,4.2E-11,2.38E-10,-1.9E-10,3.11635,0,1
-88,1.9E-11,2.75E-10,-2.18E-10,3.41274,0,1
-87,2.22E-10,9E-12,-1.57E-10,3.69694,0,1
-86,-1.2E-11,2.99E-10,-1.81E-10,3.97087,0,1
-85,-5E-12,2.13E-10,-8.1E-11,4.25413,0,1
-84,1.39E-10,-1.34E-10,-2.1E-11,4.55815,0,1
-83,3.6E-11,1.59E-10,-6.6E-11,4.79066,0,1
-82,2.83E-10,1.4E-10,-2.5E-11,5.07451,0,1
-81,4.2E-11,-1.06E-10,1.06E-10,5.31107,0,1
-80,2.56E-10,-1.73E-10,7.8E-11,5.57756,0,1
-79,1.02E-10,1.37E-10,2.5E-11,5.80999,0,1
-78,-1.5E-10,8.6E-11,1.04E-10,6.09313,0,1
-77,1.9E-11,-2.28E-10,2.18E-10,6.33066,0,1
-76,2.53E-10,-3.06E-10,2.03E-10,6.59767,0,1
-75,6.9E-11,-3.8E-11,2.01E-10,6.8292,0,1
-74,1.19E-10,-6.3E-11,2.45E-10,7.11303,0,1
-73,1.39E-10,-3E-10,3.39E-10,7.35019,0,1
-72,4.64E-10,-1.73E-10,4.78E-10,7.61726,0,1
-71,3.5E-11,-1.17E-10,4.23E-10,7.84992,0,1
-70,-4.7E-11,-6.33E-10,3.04E-10,8.13501,0,1
-69,-9.88E-10,-1.59E-09,6.3E-11,8.36723,0,1
-68,-2.84E-10,-8.01E-10,3.88E-10,8.65036,0,1
-67,-1.4E-11,-1.218E-09,4.38E-10,8.93485,0,1
-66,-1.27E-10,-1.06E-10,5.58E-10,9.16731,0,1
-65,-2.1E-11,-5.74E-10,6.05E-10,9.45049,0,1
-64,1.23E-10,-7.75E-10,6.33E-10,9.73528,0,1
-63,-7E-11,-5.63E-10,6.62E-10,9.96776,0,1
-62,8.5E-11,-5.82E-10,6.95E-10,10.25173,0,1
-61,-1.07E-10,-4.75E-10,6.43E-10,10.54663,0,1
-60,-9.4E-11,-5.21E-10,7.65E-10,10.83042,0,1
-59,1.06E-10,-8.76E-10,7.82E-10,11.13452,0,1
-58,-9.8E-11,-5.97E-10,9E-10,11.36644,0,1
-57,-5.9E-11,-6.02E-10,8.4E-10,11.65016,0,1
-56,-7.2E-11,-9.58E-10,1.106E-09,11.8874,0,1
-55,1.1E-10,-1.002E-09,9.86E-10,12.15381,0,1
-54,-1.29E-10,-6.73E-10,1.075E-09,12.38524,0,1
-53,-7.5E-11,-6.32E-10,9.47E-10,12.6691,0,1
-52,1.46E-10,-9.2E-10,9.02E-10,12.97375,0,1
-51,-1.15E-10,-6.25E-10,9.5E-10,13.20624,0,1
-50,-9.5E-11,-4.65E-10,7.76E-10,13.4894,0,1
-49,2.2E-11,-8.34E-10,9.35E-10,13.72659,0,1
-48,1.06E-10,-7E-10,9.55E-10,13.92646,0,1
-47,-4.3E-11,-6.59E-10,8.22E-10,14.12594,0,1
-46,1.07E-10,-3.81E-10,4.14E-10,14.39235,0,1
-45,-9.2E-11,-2.2E-11,3.93E-10,14.62379,0,1
-44,-4.7E-11,9E-12,2.86E-10,14.90756,0,1
-43,1.16E-10,-3.4E-10,2.86E-10,15.21252,0,1
-42,-1.13E-10,-1.9E-11,2.65E-10,15.44392,0,1
-41,8.1E-11,-1.5E-11,1.89E-10,15.72823,0,1
-40,-1.76E-10,2.3E-11,1.44E-10,16.02161,0,1
-39,-3.3E-11,-1.35E-10,1.33E-10,16.30559,0,1
-38,1.01E-10,-3.92E-10,2.46E-10,16.59081,0,1
-37,-9.6E-11,1E-11,1.86E-10,16.82337,0,1
-36,-3.1E-11,1.4E-11,1.97E-10,17.10714,0,1
-35,5.1E-11,-4.13E-10,3.41E-10,17.34423,0,1
-34,1.27E-10,-3.35E-10,2.68E-10,17.61057,0,1
-33,-8.5E-11,-2.8E-11,1.93E-10,17.843,0,1
-32,2.11E-10,-1.45E-10,2.71E-10,18.12681,0,1
-31,1.03E-10,4.71E-10,2.14E-10,18.42157,0,1
-30,4.42E-10,8.42E-10,3.46E-10,18.7048,0,1
-29,3.24E-10,-1.52E-10,2.81E-10,18.99014,0,1
-28,9.4E-11,1.22E-10,4.06E-10,19.22259,0,1
-27,1.15E-10,-8.6E-11,3.46E-10,19.50655,0,1
-26,-1.18E-10,-1E-10,2.83E-10,19.80186,0,1
-25,1.34E-10,-2E-10,3.09E-10,20.08578,0,1
-24,-9.3E-11,-9.7E-11,3.2E-10,20.3791,0,1
-23,3.8E-11,-2.81E-10,3.18E-10,20.66296,0,1
-22,2.37E-10,-4.85E-10,4.24E-10,20.94825,0,1
-21,-6.2E-11,-1.75E-10,4.1E-10,21.18071,0,1
-20,3.6E-11,-3.06E-10,4.14E-10,21.46408,0,1
-19,2.1E-10,-6.53E-10,5.05E-10,21.76806,0,1
-18,-8E-12,-3.37E-10,4.95E-10,22.00058,0,1
-17,2.1E-10,-3.46E-10,4.8E-10,22.28426,0,1
-16,4.2E-11,-1.87E-10,3.55E-10,22.57933,0,1
-15,6.5E-11,-2.94E-10,4.55E-10,22.86318,0,1
-14,2.08E-10,-5.19E-10,4.43E-10,23.16738,0,1
-13,7.1E-11,-3.27E-10,4.29E-10,23.39993,0,1
-12,2E-10,-2.98E-10,4.18E-10,23.68386,0,1
-11,6.7E-11,-1.61E-10,2.71E-10,23.97867,0,1
-10,1.01E-10,-2.31E-10,3.98E-10,24.2625,0,1
-9,2.03E-10,-5.59E-10,4.97E-10,24.49957,0,1
-8,2.68E-10,-6.15E-10,3.76E-10,24.76653,0,1
-7,5E-11,-2.29E-10,3.04E-10,24.9979,0,1
-6,1.08E-10,-2.52E-10,3.27E-10,25.2811,0,1
-5,2.63E-10,-5.97E-10,3.63E-10,25.58607,0,1
-4,1.72E-10,-3.33E-10,3.12E-10,25.81861,0,1
-3,3.51E-10,-3.39E-10,2.7E-10,26.1019,0,1
-2,5.8E-11,-2.8E-10,2.31E-10,26.39544,0,1
-1,1.8E-10,-3.86E-10,2.22E-10,26.67858,0,1
0,3.82E-10,-6.19E-10,3.68E-10,26.96408,0,1
1,1.55E-10,-3.94E-10,2.61E-10,27.19539,0,1
2,2.43E-10,-4.88E-10,2.44E-10,27.4792,0,1
3,4.58E-10,-7.01E-10,3.05E-10,27.76462,0,1
4,2.32E-10,-4.33E-10,2.55E-10,27.99609,0,1
5,3.59E-10,-4.67E-10,2.89E-10,28.27924,0,1
6,5.01E-10,-8.02E-10,3.37E-10,28.58341,0,1
7,3.4E-10,-5.58E-10,3.07E-10,28.81581,0,1
8,5.04E-10,-7.55E-10,3.24E-10,29.09957,0,1
9,6.66E-10,-9.09E-10,3.81E-10,29.3368,0,1
10,8.17E-10,-1.104E-09,3.99E-10,29.60313,0,1
11,7.39E-10,-8.78E-10,2.7E-10,29.83516,0,1
12,9E-10,-1.074E-09,3.36E-10,30.11816,0,1
13,1.145E-09,-1.455E-09,3.68E-10,30.42298,0,1
14,1.143E-09,-1.215E-09,3.5E-10,30.65544,0,1
15,1.31E-09,-1.622E-09,3.68E-10,30.93838,0,1
16,1.464E-09,-1.635E-09,3.03E-10,31.27148,0,1
17,1.944E-09,-2.09E-09,3.49E-10,31.53875,0,1
18,2.129E-09,-2.34E-09,3.17E-10,31.8352,0,1
19,2.709E-09,-2.874E-09,3.73E-10,32.11841,0,1
20,2.904E-09,-3.258E-09,3.18E-10,32.41178,0,1
21,3.655E-09,-3.906E-09,3.37E-10,32.69496,0,1
22,4.551E-09,-4.812E-09,4.01E-10,32.97949,0,1
23,5.151E-09,-5.309E-09,2.59E-10,33.25355,0,1
24,6.213E-09,-6.475E-09,4.03E-10,33.53668,0,1
25,7.464E-09,-7.912E-09,4.3E-10,33.84076,0,1
26,8.63E-09,-8.829E-09,3.77E-10,34.07214,0,1
27,1.0217E-08,-1.0538E-08,4.15E-10,34.35544,0,1
28,1.2125E-08,-1.2429E-08,4.72E-10,34.63987,0,1
29,1.3711E-08,-1.401E-08,3.27E-10,34.87113,0,1
30,1.6032E-08,-1.6293E-08,3.68E-10,35.15432,0,1
31,1.8468E-08,-1.8856E-08,4.94E-10,35.43906,0,1
32,2.0741E-08,-2.1058E-08,3.93E-10,35.67057,0,1
33,2.3991E-08,-2.3998E-08,3.88E-10,35.95377,0,1
34,2.6853E-08,-2.7284E-08,4.53E-10,36.23858,0,1
35,3.2345E-08,-3.0529E-08,4.32E-10,36.46987,0,1
36,3.4705E-08,-3.4561E-08,6.57E-10,36.76266,0,1
37,3.7528E-08,-3.8055E-08,4.5E-10,37.05694,0,1
38,4.0934E-08,-4.1314E-08,4.01E-10,37.33099,0,1
39,4.5169E-08,-4.5391E-08,4.65E-10,37.61393,0,1
40,4.9405E-08,-5.0032E-08,5.22E-10,37.91801,0,1
41,5.3721E-08,-5.3896E-08,4.68E-10,38.14927,0,1
42,5.8458E-08,-5.8781E-08,4.39E-10,38.48915,0,1
43,6.8333E-08,-6.3765E-08,3.99E-10,38.82901,0,1
44,7.2606E-08,-6.9605E-08,4.29E-10,39.1883,0,1
45,7.4616E-08,-7.5139E-08,4.85E-10,39.56923,0,1
46,7.9823E-08,-8.0144E-08,5.09E-10,39.85238,0,1
47,8.4896E-08,-8.5129E-08,4.56E-10,40.16541,0,1
48,9.0956E-08,-9.1023E-08,5.5E-10,40.49391,0,1
49,1.07727E-07,-9.6648E-08,4.21E-10,40.82448,0,1
50,1.10967E-07,-1.05558E-07,6.08E-10,41.14086,0,1
51,1.13662E-07,-1.10614E-07,4.61E-10,41.46744,0,1
52,1.23928E-07,-1.16059E-07,4.71E-10,41.84834,0,1
53,1.27289E-07,-1.22707E-07,4.59E-10,42.18678,0,1
54,1.38211E-07,-1.28477E-07,4.11E-10,42.56751,0,1
55,1.42456E-07,-1.35577E-07,4.46E-10,42.90582,0,1
56,1.53247E-07,-1.42236E-07,4.06E-10,43.28661,0,1
57,1.57593E-07,-1.49191E-07,3.9E-10,43.62484,0,1
58,1.6818E-07,-1.56096E-07,4.38E-10,44.00572,0,1
59,1.76599E-07,-1.63442E-07,4.06E-10,44.3452,0,1
60,1.84474E-07,-1.70815E-07,4.21E-10,44.68469,0,1
61,1.92421E-07,-1.77899E-07,4.25E-10,45.02407,0,1
62,2.00425E-07,-1.85377E-07,4.53E-10,45.36353,0,1
63,2.08301E-07,-1.9197E-07,4.43E-10,45.7027,0,1
64,2.13115E-07,-1.9927E-07,5.36E-10,46.04211,0,1
65,2.21848E-07,-2.06006E-07,4.89E-10,46.42393,0,1
66,2.31638E-07,-2.13758E-07,4.23E-10,46.76221,0,1
67,2.42174E-07,-2.21989E-07,5.21E-10,47.10161,0,1
68,2.27351E-07,-2.29319E-07,6.16E-10,47.41455,0,1
69,2.58748E-07,-2.34297E-07,6.86E-10,47.60231,0,1
70,2.43628E-07,-2.45632E-07,5.63E-10,47.93757,0,1
71,2.48556E-07,-2.498E-07,5.96E-10,48.18701,0,1
72,2.84547E-07,-2.54448E-07,4.82E-10,48.48031,0,1
73,2.65594E-07,-2.6741E-07,6.34E-10,48.79192,0,1
74,2.94106E-07,-2.71191E-07,5.95E-10,49.04236,0,1
75,3.10467E-07,-2.83105E-07,4.88E-10,49.38072,0,1
76,2.91246E-07,-2.93975E-07,7.12E-10,49.63253,0,1
77,2.93698E-07,-2.94409E-07,6.14E-10,49.91582,0,1
78,3.00564E-07,-3.01845E-07,7.27E-10,50.1664,0,1
79,3.45833E-07,-3.07892E-07,5.58E-10,50.45952,0,1
80,3.2251E-07,-3.25234E-07,7.62E-10,50.71147,0,1
81,3.25845E-07,-3.27504E-07,7.9E-10,50.93252,0,1
82,3.30561E-07,-3.3133E-07,6.7E-10,51.21574,0,1
83,3.37788E-07,-3.38906E-07,7.74E-10,51.46634,0,1
84,3.88301E-07,-3.45544E-07,6.06E-10,51.75958,0,1
85,3.62555E-07,-3.65648E-07,7.78E-10,52.01135,0,1
86,3.63599E-07,-3.65534E-07,7.08E-10,52.29319,0,1
87,3.69196E-07,-3.7095E-07,7.98E-10,52.56973,0,1
88,3.75657E-07,-3.77282E-07,6.58E-10,52.81961,0,1
89,3.82536E-07,-3.83609E-07,8.28E-10,53.0509,0,1
90,3.88991E-07,-3.89936E-07,7E-10,53.33285,0,1
91,3.97531E-07,-3.98404E-07,7.59E-10,53.58235,0,1
92,4.03015E-07,-4.03685E-07,6.7E-10,53.87421,0,1
93,4.10822E-07,-4.1228E-07,8.2E-10,54.12472,0,1
94,4.16243E-07,-4.17422E-07,7.67E-10,54.41795,0,1
95,4.23064E-07,-4.24676E-07,7.57E-10,54.71142,0,1
96,4.31537E-07,-4.33289E-07,8.1E-10,54.96197,0,1
97,4.37768E-07,-4.38472E-07,7.97E-10,55.25388,0,1
98,4.43843E-07,-4.45351E-07,8.63E-10,55.54617,0,1
99,4.51654E-07,-4.52712E-07,7.47E-10,55.79551,0,1
100,4.57376E-07,-4.59198E-07,8.36E-10,56.08784,0,1
100,4.56331E-07,-4.57369E-07,7.33E-10,56.32245,0,1
99,4.44234E-07,-4.45151E-07,6.57E-10,56.58774,0,1
98,4.33653E-07,-4.34301E-07,5.17E-10,56.8531,0,1
97,4.23604E-07,-4.23744E-07,5.14E-10,57.11827,0,1
96,4.13596E-07,-4.14208E-07,2.47E-10,57.31607,0,1
95,4.03917E-07,-4.04379E-07,4.51E-10,57.56115,0,1
94,3.95132E-07,-3.95076E-07,4.3E-10,57.82658,0,1
93,3.85031E-07,-3.8515E-07,3.48E-10,58.09188,0,1
92,3.76853E-07,-3.76948E-07,2.87E-10,58.30523,0,1
91,3.67955E-07,-3.68186E-07,2.87E-10,58.52639,0,1
90,3.59921E-07,-3.60202E-07,2.74E-10,58.80819,0,1
89,4.18568E-07,-3.50857E-07,2.27E-10,59.09132,0,1
88,3.62272E-07,-3.64775E-07,1.8E-10,59.37594,0,1
87,3.46301E-07,-3.47314E-07,3.06E-10,59.64124,0,1
86,3.33188E-07,-3.33792E-07,1.94E-10,59.90643,0,1
85,3.23689E-07,-3.23782E-07,1.56E-10,60.10429,0,1
84,3.13563E-07,-3.13575E-07,1.48E-10,60.34927,0,1
83,3.04739E-07,-3.0495E-07,9.8E-11,60.61448,0,1
82,2.96418E-07,-2.96126E-07,2.2E-10,60.88043,0,1
81,2.8703E-07,-2.87495E-07,9.3E-11,61.14558,0,1
80,2.7884E-07,-2.78803E-07,1.17E-10,61.34329,0,1
79,2.71001E-07,-2.70846E-07,6E-11,61.58812,0,1
78,2.6394E-07,-2.63955E-07,1.01E-10,61.85337,0,1
77,2.55729E-07,-2.55225E-07,1.03E-10,62.18249,0,1
76,2.47317E-07,-2.47384E-07,6.3E-11,62.46629,0,1
75,2.40312E-07,-2.40305E-07,2.4E-11,62.7322,0,1
74,2.8715E-07,-2.33011E-07,-1.23E-10,62.97235,0,1
73,2.41517E-07,-2.4382E-07,-1.3E-11,63.3077,0,1
72,2.28407E-07,-2.28703E-07,1.56E-10,63.61794,0,1
71,2.17683E-07,-2.18189E-07,6.5E-11,63.88325,0,1
70,2.46465E-07,-2.09144E-07,-4.2E-11,64.14835,0,1
69,2.39907E-07,-2.12025E-07,-8.4E-11,64.47001,0,1
68,2.3465E-07,-2.06214E-07,-2.6E-11,64.80838,0,1
67,2.26209E-07,-1.99802E-07,-4E-11,65.14788,0,1
66,2.19802E-07,-1.93473E-07,-4.9E-11,65.48641,0,1
65,1.85102E-07,-1.86007E-07,-3.2E-11,65.78984,0,1
64,1.744E-07,-1.74746E-07,-2.33E-10,66.03113,0,1
63,1.90014E-07,-1.66217E-07,-2.2E-11,66.30495,0,1
62,1.86181E-07,-1.64376E-07,-8.6E-11,66.6678,0,1
61,1.73899E-07,-1.58216E-07,-9.2E-11,67.00723,0,1
60,1.67886E-07,-1.51006E-07,-3.7E-11,67.38907,0,1
59,1.62624E-07,-1.45041E-07,-1.18E-10,67.72852,0,1
58,1.55985E-07,-1.39531E-07,-1.03E-10,68.06796,0,1
57,1.46423E-07,-1.34154E-07,-1.19E-10,68.40645,0,1
56,1.44573E-07,-1.28087E-07,-1.36E-10,68.78725,0,1
55,1.35114E-07,-1.23147E-07,-1.44E-10,69.1256,0,1
54,1.3264E-07,-1.17432E-07,-1.15E-10,69.50667,0,1
53,1.20528E-07,-1.12658E-07,-1.54E-10,69.84601,0,1
52,1.20333E-07,-1.06654E-07,-1.29E-10,70.22781,0,1
51,1.0839E-07,-1.03181E-07,-1.76E-10,70.47813,0,1
50,1.12192E-07,-9.556E-08,-1.41E-10,70.78134,0,1
49,9.8168E-08,-9.3616E-08,-1.97E-10,71.09758,0,1
48,8.6478E-08,-8.6393E-08,-2.5E-10,71.46647,0,1
47,8.0331E-08,-8.0625E-08,-9.6E-11,71.75334,0,1
46,7.4464E-08,-7.4439E-08,-1.8E-10,72.03659,0,1
45,7.8216E-08,-6.9525E-08,-3.2E-10,72.30183,0,1
44,6.7556E-08,-6.7591E-08,-4.47E-10,72.66492,0,1
43,6.8501E-08,-6.2483E-08,-5E-10,72.89605,0,1
42,5.9829E-08,-6.0163E-08,-1.315E-09,73.09394,0,1
41,5.4833E-08,-5.4775E-08,-5.98E-10,73.31493,0,1
40,5.1044E-08,-5.0801E-08,-4.77E-10,73.55418,0,1
39,5.7984E-08,-4.713E-08,-4.41E-10,73.83734,0,1
38,4.6954E-08,-4.7057E-08,-5.39E-10,74.14146,0,1
37,4.2898E-08,-4.2731E-08,-3.5E-10,74.41323,0,1
36,4.7577E-08,-3.9E-08,-4.71E-10,74.6964,0,1
35,3.8553E-08,-3.8228E-08,-5.1E-10,75.00041,0,1
34,3.4909E-08,-3.451E-08,-5.68E-10,75.23179,0,1
33,3.859E-08,-3.1506E-08,-4.94E-10,75.51495,0,1
32,3.1043E-08,-3.0619E-08,-6.07E-10,75.79977,0,1
31,2.8176E-08,-2.7748E-08,-6.46E-10,76.03107,0,1
30,3.0767E-08,-2.5195E-08,-5.16E-10,76.31429,0,1
29,2.4998E-08,-2.4485E-08,-6.15E-10,76.59897,0,1
28,2.2714E-08,-2.2241E-08,-6.24E-10,76.83034,0,1
27,2.4673E-08,-2.0315E-08,-5.5E-10,77.11348,0,1
26,2.0136E-08,-1.9888E-08,-6.24E-10,77.39819,0,1
25,1.8788E-08,-1.8126E-08,-6.54E-10,77.62948,0,1
24,2.0214E-08,-1.6571E-08,-5.38E-10,77.91265,0,1
23,1.666E-08,-1.6241E-08,-6.3E-10,78.19737,0,1
22,1.5441E-08,-1.4868E-08,-6.01E-10,78.42869,0,1
21,1.644E-08,-1.346E-08,-5.52E-10,78.71184,0,1
20,1.3607E-08,-1.3175E-08,-6.21E-10,78.99664,0,1
19,1.2878E-08,-1.2424E-08,-5.3E-10,79.26819,0,1
18,1.4179E-08,-1.1463E-08,-5.6E-10,79.55118,0,1
17,1.1588E-08,-1.1183E-08,-5.61E-10,79.83574,0,1
16,1.1033E-08,-1.0618E-08,-4.55E-10,80.10975,0,1
15,1.2407E-08,-9.832E-09,-5.51E-10,80.39292,0,1
14,1.0188E-08,-9.75E-09,-6.07E-10,80.69711,0,1
13,9.883E-09,-9.447E-09,-5.71E-10,80.92857,0,1
12,1.0735E-08,-8.812E-09,-5.12E-10,81.21176,0,1
11,9.062E-09,-8.526E-09,-5.53E-10,81.51594,0,1
10,8.701E-09,-8.36E-09,-5.09E-10,81.74722,0,1
9,9.597E-09,-7.632E-09,-5.3E-10,82.03029,0,1
8,8.035E-09,-7.539E-09,-5.53E-10,82.31494,0,1
7,7.898E-09,-7.495E-09,-4.97E-10,82.54633,0,1
6,8.461E-09,-6.915E-09,-5.06E-10,82.82924,0,1
5,7.27E-09,-6.827E-09,-5.57E-10,83.11389,0,1
4,7.294E-09,-6.768E-09,-5.01E-10,83.34518,0,1
3,7.813E-09,-6.247E-09,-4.69E-10,83.62822,0,1
2,6.626E-09,-6.235E-09,-5.37E-10,83.91287,0,1
1,6.576E-09,-6.083E-09,-4.7E-10,84.18462,0,1
0,6.903E-09,-5.691E-09,-4.69E-10,84.46769,0,1
-1,6.094E-09,-5.55E-09,-5.7E-10,84.75264,0,1
-2,6.052E-09,-5.541E-09,-4.9E-10,84.984,0,1
-3,6.512E-09,-5.147E-09,-5.12E-10,85.26727,0,1
-4,5.551E-09,-5.018E-09,-5.35E-10,85.55195,0,1
-5,5.503E-09,-4.989E-09,-4.59E-10,85.78347,0,1
-6,5.959E-09,-4.719E-09,-4.83E-10,86.06644,0,1
-7,4.938E-09,-4.554E-09,-5.28E-10,86.35111,0,1
-8,4.962E-09,-4.318E-09,-4.75E-10,86.61984,0,1
-9,4.705E-09,-4.167E-09,-5.55E-10,86.93501,0,1
-10,4.86E-09,-4.332E-09,-4.93E-10,87.18449,0,1
-11,5.414E-09,-4.069E-09,-4.97E-10,87.4675,0,1
-12,4.502E-09,-4.069E-09,-5.2E-10,87.77152,0,1
-13,4.499E-09,-4.166E-09,-4.55E-10,88.00285,0,1
-14,5.046E-09,-3.934E-09,-4.85E-10,88.28588,0,1
-15,4.281E-09,-3.75E-09,-5.66E-10,88.57047,0,1
-16,4.286E-09,-3.879E-09,-4.41E-10,88.80192,0,1
-17,4.767E-09,-3.629E-09,-4.33E-10,89.08512,0,1
-18,4.026E-09,-3.532E-09,-5.48E-10,89.3698,0,1
-19,4.139E-09,-3.707E-09,-4.98E-10,89.60114,0,1
-20,4.382E-09,-3.385E-09,-5.04E-10,89.88426,0,1
-21,3.739E-09,-3.221E-09,-5.71E-10,90.1689,0,1
-22,3.906E-09,-3.407E-09,-4.78E-10,90.40138,0,1
-23,4.202E-09,-3.072E-09,-5.18E-10,90.68447,0,1
-24,3.596E-09,-3.019E-09,-5.79E-10,90.96976,0,1
-25,3.678E-09,-3.282E-09,-5.6E-10,91.20214,0,1
-26,3.426E-09,-3.021E-09,-5.56E-10,91.48593,0,1
-27,3.554E-09,-3.079E-09,-5.19E-10,91.77959,0,1
-28,3.912E-09,-2.8E-09,-5.16E-10,92.06316,0,1
-29,3.36E-09,-2.72E-09,-5.83E-10,92.34848,0,1
-30,3.535E-09,-2.988E-09,-5.14E-10,92.57978,0,1
-31,3.754E-09,-2.921E-09,-5.84E-10,92.86367,0,1
-32,3.713E-09,-2.629E-09,-6.45E-10,93.10086,0,1
-33,3.212E-09,-2.583E-09,-6.47E-10,93.36781,0,1
-34,3.374E-09,-2.779E-09,-6.45E-10,93.60034,0,1
-35,3.056E-09,-2.64E-09,-7.24E-10,93.88474,0,1
-36,2.831E-09,-2.366E-09,-7.7E-10,94.18727,0,1
-37,2.994E-09,-2.565E-09,-5.75E-10,94.47908,0,1
-38,3.437E-09,-2.384E-09,-6.47E-10,94.76288,0,1
-39,3.172E-09,-2.566E-09,-6.8E-10,95.07717,0,1
-40,3.271E-09,-2.26E-09,-6.33E-10,95.36025,0,1
-41,2.838E-09,-2.139E-09,-8.16E-10,95.64558,0,1
-42,2.894E-09,-2.285E-09,-7.88E-10,95.87788,0,1
-43,3.198E-09,-2.192E-09,-8.36E-10,96.16092,0,1
-44,2.706E-09,-1.807E-09,-8.93E-10,96.46568,0,1
-45,2.768E-09,-2.052E-09,-9.72E-10,96.69814,0,1
-46,2.597E-09,-1.917E-09,-9.61E-10,96.98133,0,1
-47,2.744E-09,-1.963E-09,-8.86E-10,97.27612,0,1
-48,2.908E-09,-1.639E-09,-9.88E-10,97.55921,0,1
-49,2.526E-09,-1.51E-09,-1.148E-09,97.84395,0,1
-50,2.683E-09,-1.742E-09,-1.27E-09,98.07625,0,1
-51,2.803E-09,-1.527E-09,-1.295E-09,98.35938,0,1
-52,2.395E-09,-1.142E-09,-1.376E-09,98.66358,0,1
-53,2.586E-09,-1.366E-09,-1.538E-09,98.8961,0,1
-54,2.257E-09,-1.176E-09,-1.511E-09,99.18004,0,1
-55,2.505E-09,-1.186E-09,-1.491E-09,99.47353,0,1
-56,2.709E-09,-9.08E-10,-1.631E-09,99.75753,0,1
-57,2.165E-09,-7.54E-10,-1.776E-09,100.04222,0,1
-58,2.446E-09,-6.83E-10,-2.032E-09,100.27344,0,1
-59,2.545E-09,-4.37E-10,-1.988E-09,100.55666,0,1
-60,2.126E-09,-3.16E-10,-2.132E-09,100.84137,0,1
-61,2.264E-09,-4.76E-10,-2.401E-09,101.07384,0,1
-62,2.529E-09,-3.03E-10,-2.354E-09,101.35759,0,1
-63,2.083E-09,-6.6E-11,-2.361E-09,101.6616,0,1
-64,2.242E-09,-1.75E-10,-2.751E-09,101.89408,0,1
-65,2.481E-09,-7.4E-11,-2.659E-09,102.17738,0,1
-66,2.101E-09,5.89E-10,-3.358E-09,102.41455,0,1
-67,2.36E-09,1.24E-09,-3.901E-09,102.61412,0,1
-68,1.967E-09,8.36E-10,-3.401E-09,102.88107,0,1
-69,2.216E-09,6.76E-10,-3.563E-09,103.11253,0,1
-70,2.276E-09,5.83E-10,-3.244E-09,103.3962,0,1
-71,1.843E-09,8.32E-10,-3.072E-09,103.70022,0,1
-72,2.092E-09,5.41E-10,-3.423E-09,103.93256,0,1
-73,2.224E-09,5.01E-10,-3.119E-09,104.21576,0,1
-74,1.82E-09,7.01E-10,-2.936E-09,104.51987,0,1
-75,1.96E-09,5.55E-10,-3.199E-09,104.75226,0,1
-76,1.786E-09,4.37E-10,-2.934E-09,105.03585,0,1
-77,1.922E-09,1.93E-10,-2.643E-09,105.33094,0,1
-78,2.152E-09,2.61E-10,-2.719E-09,105.61483,0,1
-79,1.782E-09,5.61E-10,-2.756E-09,105.91886,0,1
-80,1.913E-09,3.89E-10,-2.98E-09,106.15028,0,1
-81,2.047E-09,2.14E-10,-2.608E-09,106.43395,0,1
-82,2.057E-09,7.06E-10,-3.01E-09,106.67118,0,1
-83,1.688E-09,3.6E-10,-2.424E-09,106.93814,0,1
-84,1.878E-09,6E-11,-2.571E-09,107.16956,0,1
-85,2E-09,-5.4E-11,-2.272E-09,107.45272,0,1
-86,1.532E-09,3.29E-10,-2.252E-09,107.75684,0,1
-87,1.818E-09,6.3E-11,-2.413E-09,107.98819,0,1
-88,1.856E-09,1.03E-10,-2.083E-09,108.2713,0,1
-89,1.485E-09,2.28E-10,-2.024E-09,108.55582,0,1
-90,1.798E-09,-1.28E-10,-2.119E-09,108.78824,0,1
-91,1.836E-09,-2.37E-10,-1.883E-09,109.07214,0,1
-92,1.585E-09,6.2E-11,-1.87E-09,109.37633,0,1
-93,1.74E-09,-1.56E-10,-1.999E-09,109.60886,0,1
-94,1.545E-09,-3.61E-10,-1.791E-09,109.8926,0,1
-95,1.933E-09,-5.1E-10,-1.561E-09,110.18619,0,1
-96,1.92E-09,-3.79E-10,-1.503E-09,110.46927,0,1
-97,1.578E-09,-2.67E-10,-1.572E-09,110.75397,0,1
-98,1.827E-09,-4.65E-10,-1.654E-09,110.98543,0,1
-99,1.789E-09,-3.96E-10,-1.48E-09,111.26849,0,1
-100,1.515E-09,-1.66E-10,-1.53E-09,111.5539,0,1
-100,1.677E-09,-7.7E-10,-9.08E-10,111.93879,1,1
-99,1.775E-09,-1.477E-09,-3.02E-10,112.22347,1,1
-98,1.588E-09,-1.27E-09,-1.71E-10,112.45478,1,1
-97,1.718E-09,-1.485E-09,-2.02E-10,112.73807,1,1
-96,1.871E-09,-1.762E-09,-6.4E-11,113.02262,1,1
-95,1.49E-09,-1.443E-09,-1.03E-10,113.25396,1,1
-94,1.817E-09,-1.643E-09,-1.78E-10,113.53707,1,1
-93,1.956E-09,-1.915E-09,-1.04E-10,113.82183,1,1
-92,1.687E-09,-1.617E-09,-1.3E-10,114.05317,1,1
-91,1.986E-09,-1.814E-09,-8E-11,114.33645,1,1
-90,2.026E-09,-2.006E-09,-2.8E-11,114.62137,1,1
-89,1.78E-09,-1.734E-09,-8.1E-11,114.85278,1,1
-88,2.022E-09,-1.912E-09,-7.7E-11,115.13591,1,1
-87,2.131E-09,-2.11E-09,-1.6E-11,115.42127,1,1
-86,1.931E-09,-1.848E-09,-1.6E-11,115.65389,1,1
-85,2.022E-09,-2.006E-09,-4.4E-11,115.93726,1,1
-84,2.014E-09,-2.135E-09,1.4E-11,116.17465,1,1
-83,2.25E-09,-2.364E-09,8.6E-11,116.44165,1,1
-82,2.051E-09,-2.031E-09,5.6E-11,116.67424,1,1
-81,2.255E-09,-2.089E-09,6.4E-11,116.9576,1,1
-80,1.942E-09,-1.98E-09,-2.5E-11,117.25241,1,1
-79,2.207E-09,-2.18E-09,1.3E-10,117.53613,1,1
-78,2.424E-09,-2.61E-09,1.97E-10,117.84032,1,1
-77,2.193E-09,-2.208E-09,1.54E-10,118.0718,1,1
-76,2.37E-09,-2.619E-09,1.68E-10,118.35498,1,1
-75,2.411E-09,-2.638E-09,2.34E-10,118.57288,1,1
-74,2.593E-09,-2.806E-09,3.21E-10,118.83997,1,1
-73,2.436E-09,-2.581E-09,2.98E-10,119.07237,1,1
-72,2.616E-09,-2.635E-09,3.13E-10,119.3562,1,1
-71,2.427E-09,-2.736E-09,2.76E-10,119.65095,1,1
-70,2.703E-09,-2.855E-09,3.33E-10,119.93458,1,1
-69,2.804E-09,-3.336E-09,4.1E-10,120.23867,1,1
-68,2.669E-09,-3.025E-09,3.97E-10,120.47003,1,1
-67,2.853E-09,-3.187E-09,4.08E-10,120.75315,1,1
-66,3.013E-09,-3.519E-09,5.07E-10,121.0387,1,1
-65,2.803E-09,-3.233E-09,5.81E-10,121.27004,1,1
-64,3.028E-09,-3.307E-09,5.5E-10,121.55339,1,1
-63,3E-09,-3.869E-09,6.39E-10,121.85803,1,1
-62,2.101E-09,-4.364E-09,4.68E-10,122.08955,1,1
-61,2.888E-09,-4.362E-09,6.19E-10,122.37258,1,1
-60,3.963E-09,-3.753E-09,8.57E-10,122.65736,1,1
-59,2.636E-09,-4.216E-09,1.188E-09,122.88985,1,1
-58,2.79E-09,-4.546E-09,8.01E-10,123.17372,1,1
-57,2.85E-09,-4.363E-09,8.88E-10,123.46856,1,1
-56,2.137E-09,-3.66E-09,9.982E-10,123.69217,1,1
-55,2.154E-09,-3.389E-09,1.009E-09,123.99063,1,1
-54,2.47E-09,-3.813E-09,1.2888E-09,124.21338,1,1
-53,2.303E-09,-3.553E-09,1.249E-09,124.47435,1,1
-52,2.471E-09,-4.056E-09,1.502E-09,124.72956,1,1
-51,2.526E-09,-4.034E-09,1.7306E-09,124.9355,1,1
-50,2.698E-09,-4.16E-09,1.568E-09,125.19644,1,1
-49,2.584E-09,-4.071E-09,1.524E-09,125.48966,1,1
-48,2.758E-09,-4.477E-09,1.8961E-09,125.71249,1,1
-47,2.664E-09,-4.278E-09,1.824E-09,125.97355,1,1
-46,2.787E-09,-4.796E-09,2.146E-09,126.2288,1,1
-45,2.873E-09,-4.883E-09,1.959E-09,126.49575,1,1
-44,2.785E-09,-4.645E-09,2.098E-09,126.7272,1,1
-43,2.88E-09,-4.594E-09,2.009E-09,127.01042,1,1
-42,2.917E-09,-4.818E-09,1.999E-09,127.31532,1,1
-41,2.793E-09,-4.698E-09,2.161E-09,127.54778,1,1
-40,3.058E-09,-5.161E-09,2.5126E-09,127.77122,1,1
-39,3.133E-09,-4.897E-09,2.256E-09,128.03238,1,1
-38,3.94E-09,-5.148E-09,2.498E-09,128.2941,1,1
-37,3.476E-09,-5.051E-09,2.098E-09,128.61192,1,1
-36,3.641E-09,-5.397E-09,2.2659E-09,128.87359,1,1
-35,3.687E-09,-5.15E-09,1.821E-09,129.13468,1,1
-34,3.534E-09,-4.79E-09,1.533E-09,129.4267,1,1
-33,3.805E-09,-5.268E-09,1.9261E-09,129.65022,1,1
-32,3.68E-09,-4.588E-09,1.374E-09,129.91134,1,1
-31,3.846E-09,-4.947E-09,1.221E-09,130.23387,1,1
-30,3.737E-09,-4.634E-09,1.17E-09,130.46637,1,1
-29,4.164E-09,-4.909E-09,1.2615E-09,130.6892,1,1
-28,4.032E-09,-4.861E-09,1.0665E-09,130.94941,1,1
-27,4.264E-09,-4.74E-09,4.68E-10,131.24795,1,1
-26,4.275E-09,-4.6E-09,4.6E-10,131.48629,1,1
-25,4.627E-09,-4.947E-09,6.789E-10,131.70979,1,1
-24,4.471E-09,-4.845E-09,4.02E-10,131.97082,1,1
-23,4.693E-09,-5.111E-09,6.33E-10,132.22577,1,1
-22,4.912E-09,-5.442E-09,6.18E-10,132.42542,1,1
-21,5.243E-09,-5.142E-09,7.007E-10,132.6321,1,1
-20,5.843E-09,-5.774E-09,5.15E-10,132.93079,1,1
-19,5.55E-09,-6.075E-09,1.015E-09,133.12478,1,1
-18,5.835E-09,-5.671E-09,3.8E-10,133.36507,1,1
-17,6.303E-09,-5.741E-09,6.758E-10,133.58849,1,1
-16,6.294E-09,-5.426E-09,7.34E-10,133.84953,1,1
-15,6.035E-09,-6.771E-09,3.72E-10,134.10471,1,1
-14,6.301E-09,-6.841E-09,2.81E-10,134.37096,1,1
-13,6.112E-09,-6.604E-09,1.69E-10,134.60236,1,1
-12,6.677E-09,-6.886E-09,1.94E-10,134.88548,1,1
-11,6.866E-09,-7.341E-09,3.04E-10,135.17029,1,1
-10,6.777E-09,-7.17E-09,2.02E-10,135.40186,1,1
-9,7.255E-09,-7.335E-09,2.26E-10,135.68507,1,1
-8,8.677E-09,-7.711E-09,2.906E-10,135.90938,1,1
-7,8.059E-09,-8.449E-09,2.74E-10,136.25305,1,1
-6,8.079E-09,-8.308E-09,1.77E-10,136.50237,1,1
-5,8.832E-09,-9.226E-09,3.133E-10,136.72532,1,1
-4,8.874E-09,-9.186E-09,2.23E-10,137.0224,1,1
-3,9E-09,-9.562E-09,3.039E-10,137.2452,1,1
-2,9.16E-09,-9.334E-09,1.88E-10,137.52212,1,1
-1,9.854E-09,-1.0299E-08,3.348E-10,137.7449,1,1
0,1.0047E-08,-1.0419E-08,2.91E-10,138.04225,1,1
1,1.0623E-08,-1.1112E-08,3.285E-10,138.26516,1,1
2,1.0697E-08,-1.1032E-08,2.3E-10,138.54109,1,1
3,1.1069E-08,-1.1565E-08,3.444E-10,138.76392,1,1
4,1.1458E-08,-1.1869E-08,2.55E-10,139.04082,1,1
5,1.3121E-08,-1.2772E-08,3.258E-10,139.2635,1,1
6,1.2783E-08,-1.2954E-08,3.13E-10,139.5458,1,1
7,1.3381E-08,-1.3448E-08,3.588E-10,139.80749,1,1
8,1.4027E-08,-1.4321E-08,3.38E-10,140.06853,1,1
9,1.4197E-08,-1.4428E-08,2.5E-10,140.36042,1,1
10,1.573E-08,-1.6376E-08,3.672E-10,140.58331,1,1
11,1.6088E-08,-1.6381E-08,2.98E-10,140.88043,1,1
12,1.6932E-08,-1.726E-08,2.98E-10,141.16363,1,1
13,1.7561E-08,-1.7928E-08,3.3E-10,141.47667,1,1
14,2.2367E-08,-1.8805E-08,3.49E-10,141.7954,1,1
15,2.0762E-08,-2.1133E-08,3.73E-10,142.12615,1,1
16,2.1276E-08,-2.1663E-08,2.94E-10,142.43756,1,1
17,2.3257E-08,-2.421E-08,3.132E-10,142.66034,1,1
18,2.4157E-08,-2.453E-08,3.34E-10,142.9194,1,1
19,2.6778E-08,-2.7739E-08,3.792E-10,143.14229,1,1
20,2.781E-08,-2.8207E-08,4.95E-10,143.37829,1,1
21,2.8831E-08,-2.9393E-08,3.44E-10,143.61747,1,1
22,3.1965E-08,-3.3143E-08,4.081E-10,143.84011,1,1
23,3.2802E-08,-3.3182E-08,3.67E-10,144.09915,1,1
24,3.4417E-08,-3.5008E-08,4.383E-10,144.3218,1,1
25,3.6012E-08,-3.6293E-08,4.23E-10,144.58285,1,1
26,3.8102E-08,-3.8264E-08,4.17E-10,144.84453,1,1
27,3.991E-08,-4.0344E-08,4.44E-10,145.1055,1,1
28,4.1876E-08,-4.2322E-08,3.71E-10,145.39735,1,1
29,4.7506E-08,-4.8305E-08,4.764E-10,145.62021,1,1
30,4.8274E-08,-4.8933E-08,4.52E-10,145.9827,1,1
31,4.96E-08,-5.0229E-08,3.44E-10,146.31358,1,1
32,5.2453E-08,-5.2845E-08,4.07E-10,146.64215,1,1
33,5.4393E-08,-5.5463E-08,4.21E-10,146.96433,1,1
34,6.9031E-08,-5.7238E-08,4.02E-10,147.19562,1,1
35,6.5274E-08,-6.6741E-08,5.75E-10,147.5268,1,1
36,7.6165E-08,-6.6055E-08,3.81E-10,147.81201,1,1
37,7.9549E-08,-7.1209E-08,4.72E-10,148.14757,1,1
38,7.5233E-08,-7.7011E-08,6.52E-10,148.46627,1,1
39,7.4607E-08,-7.5326E-08,3.74E-10,148.75149,1,1
40,7.6982E-08,-7.7512E-08,4.86E-10,149.08029,1,1
41,9.2737E-08,-7.9152E-08,3.93E-10,149.41088,1,1
42,9.3676E-08,-8.7038E-08,4.69E-10,149.72721,1,1
43,9.3913E-08,-8.8505E-08,3.57E-10,150.05361,1,1
44,9.0267E-08,-9.1548E-08,4.01E-10,150.43428,1,1
45,9.995E-08,-9.3139E-08,3.75E-10,150.75307,1,1
46,9.7132E-08,-9.8005E-08,3.71E-10,151.13376,1,1
47,1.11972E-07,-1.00269E-07,3.49E-10,151.45368,1,1
48,1.13734E-07,-1.05874E-07,4E-10,151.792,1,1
49,1.13317E-07,-1.0972E-07,4E-10,152.17284,1,1
50,1.2228E-07,-1.12376E-07,3.97E-10,152.55364,1,1
51,1.23322E-07,-1.17119E-07,3.77E-10,152.89193,1,1
52,1.33546E-07,-1.21547E-07,4.08E-10,153.27379,1,1
53,1.31242E-07,-1.3515E-07,5.117E-10,153.51759,1,1
54,1.4176E-07,-1.29573E-07,3.76E-10,153.89212,1,1
55,1.43989E-07,-1.33594E-07,4.46E-10,154.23036,1,1
56,1.50704E-07,-1.37813E-07,3.74E-10,154.61102,1,1
57,1.53777E-07,-1.42523E-07,3.64E-10,154.9494,1,1
58,1.55514E-07,-1.46433E-07,4.05E-10,155.33009,1,1
59,1.62739E-07,-1.50822E-07,3.93E-10,155.7108,1,1
60,1.65953E-07,-1.54655E-07,4.33E-10,156.04907,1,1
61,1.73287E-07,-1.5941E-07,3.97E-10,156.42995,1,1
62,1.76308E-07,-1.64191E-07,4.45E-10,156.76836,1,1
63,1.66438E-07,-1.68427E-07,3.99E-10,157.14907,1,1
64,1.68959E-07,-1.70139E-07,3.91E-10,157.46872,1,1
65,1.91959E-07,-1.73224E-07,4.23E-10,157.78884,1,1
66,1.95589E-07,-1.81852E-07,4.54E-10,158.12756,1,1
67,2.01062E-07,-1.86659E-07,4.22E-10,158.50943,1,1
68,2.0602E-07,-1.9146E-07,4.35E-10,158.84892,1,1
69,2.114E-07,-1.95704E-07,4.56E-10,159.18843,1,1
70,2.17531E-07,-2.00491E-07,4.76E-10,159.52702,1,1
71,2.23668E-07,-2.05564E-07,4.81E-10,159.86528,1,1
72,2.07999E-07,-2.0962E-07,5.71E-10,160.17808,1,1
73,2.27601E-07,-2.09457E-07,4.71E-10,160.42869,1,1
74,2.33858E-07,-2.17029E-07,5.11E-10,160.76814,1,1
75,2.39054E-07,-2.22282E-07,4.69E-10,161.10774,1,1
76,2.4371E-07,-2.26583E-07,5.06E-10,161.44719,1,1
77,2.48928E-07,-2.31204E-07,5.11E-10,161.78666,1,1
78,2.34553E-07,-2.36816E-07,5.37E-10,162.12502,1,1
79,2.35606E-07,-2.36973E-07,5.84E-10,162.41832,1,1
80,2.38994E-07,-2.39734E-07,5.42E-10,162.6688,1,1
81,2.64962E-07,-2.43722E-07,5.93E-10,162.9877,1,1
82,2.71743E-07,-2.53976E-07,5.23E-10,163.3272,1,1
83,2.79982E-07,-2.59522E-07,5.56E-10,163.6667,1,1
84,2.63283E-07,-2.65779E-07,7.03E-10,163.91863,1,1
85,2.6269E-07,-2.64033E-07,5.81E-10,164.20077,1,1
86,2.66386E-07,-2.67961E-07,6.4E-10,164.45037,1,1
87,2.68777E-07,-2.69808E-07,5.99E-10,164.74361,1,1
88,2.72648E-07,-2.73434E-07,6.88E-10,165.03582,1,1
89,3.08448E-07,-2.7768E-07,6.14E-10,165.28628,1,1
90,2.89771E-07,-2.92166E-07,7.1E-10,165.53688,1,1
91,2.8921E-07,-2.90631E-07,6.78E-10,165.82008,1,1
92,2.92451E-07,-2.9386E-07,7.18E-10,166.06989,1,1
93,2.94132E-07,-2.95797E-07,6.37E-10,166.36231,1,1
94,2.97473E-07,-2.9899E-07,7.42E-10,166.65437,1,1
95,3.01537E-07,-3.02935E-07,7.03E-10,166.9038,1,1
96,3.06143E-07,-3.06654E-07,7.74E-10,167.13624,1,1
97,3.09402E-07,-3.10691E-07,6.79E-10,167.41949,1,1
98,3.14098E-07,-3.14748E-07,7.75E-10,167.67014,1,1
99,3.16605E-07,-3.17302E-07,6.99E-10,167.96339,1,1
100,3.21039E-07,-3.21591E-07,7.49E-10,168.2554,1,1
100,3.19889E-07,-3.20815E-07,6.617E-10,168.42943,1,1
99,3.50564E-07,-3.12784E-07,4.919E-10,168.62154,1,1
98,3.15174E-07,-3.17069E-07,4.64E-10,168.90382,1,1
97,3.05056E-07,-3.05378E-07,3.762E-10,169.12662,1,1
96,2.9711E-07,-2.97478E-07,2.895E-10,169.3187,1,1
95,2.88162E-07,-2.89328E-07,3.09E-10,169.57963,1,1
94,3.11797E-07,-2.81693E-07,2.439E-10,169.80258,1,1
93,2.82068E-07,-2.83594E-07,5.14E-11,170.01606,1,1
92,2.7313E-07,-2.73524E-07,1.429E-10,170.26606,1,1
91,2.64872E-07,-2.653E-07,1.463E-10,170.45885,1,1
90,2.57596E-07,-2.57823E-07,3E-12,170.65703,1,1
89,2.4996E-07,-2.50356E-07,1.33E-10,170.94045,1,1
88,2.77372E-07,-2.43986E-07,2.353E-10,171.16406,1,1
87,2.46589E-07,-2.48122E-07,1.94E-10,171.48392,1,1
86,2.36936E-07,-2.38095E-07,1.107E-10,171.69539,1,1
85,2.58661E-07,-2.28653E-07,3.6E-11,171.99341,1,1
84,2.29018E-07,-2.25664E-07,7.46E-10,172.30616,1,1
83,2.18967E-07,-2.18911E-07,4.44E-10,172.60831,1,1
82,2.39827E-07,-2.11314E-07,1.73E-10,172.92099,1,1
81,2.11231E-07,-2.12426E-07,1.21E-10,173.25128,1,1
80,2.02581E-07,-2.0301E-07,1.93E-10,173.51658,1,1
79,2.21089E-07,-1.96226E-07,7.7E-11,173.71502,1,1
78,2.15926E-07,-1.9823E-07,-3E-12,173.93509,1,1
77,2.09813E-07,-1.93151E-07,1.2E-11,174.15509,1,1
76,2.03498E-07,-1.88018E-07,1.5E-11,174.37511,1,1
75,1.97911E-07,-1.82804E-07,-1E-11,174.59578,1,1
74,1.8752E-07,-1.75614E-07,3.9E-11,174.87664,1,1
73,1.8224E-07,-1.68342E-07,2.3E-11,175.20392,1,1
72,1.77937E-07,-1.62857E-07,1.1E-11,175.54325,1,1
71,1.68109E-07,-1.58262E-07,6.3E-11,175.88268,1,1
70,1.63504E-07,-1.52535E-07,1.4E-11,176.26456,1,1
69,1.61272E-07,-1.47188E-07,4E-12,176.60298,1,1
68,1.52392E-07,-1.43398E-07,-1.2E-11,176.9425,1,1
67,1.48116E-07,-1.37937E-07,-3E-11,177.32452,1,1
66,1.44672E-07,-1.33192E-07,7.3E-11,177.66403,1,1
65,1.40409E-07,-1.28815E-07,-9E-12,178.00349,1,1
64,1.30857E-07,-1.24889E-07,-6E-12,178.34319,1,1
63,1.29917E-07,-1.19025E-07,-1E-11,178.72392,1,1
62,1.23613E-07,-1.1556E-07,2.8E-11,179.06229,1,1
61,1.20646E-07,-1.10917E-07,-6E-11,179.44419,1,1
60,1.14462E-07,-1.07241E-07,-1.9E-11,179.78253,1,1
59,1.07301E-07,-1.02283E-07,-8.4E-11,180.16324,1,1
58,1.06707E-07,-9.8025E-08,-4.6E-11,180.54412,1,1
57,9.4425E-08,-9.4679E-08,4E-12,180.88369,1,1
56,9.5368E-08,-8.8857E-08,-7.3E-11,181.20263,1,1
55,8.6254E-08,-8.6361E-08,-2.5E-11,181.58458,1,1
54,8.4749E-08,-8.1003E-08,-1.66E-10,181.81572,1,1
53,7.7349E-08,-7.7476E-08,-1.14E-10,182.10437,1,1
52,7.7416E-08,-7.2643E-08,-2.38E-10,182.33548,1,1
51,7.0202E-08,-7.0024E-08,-9.5E-11,182.62417,1,1
50,6.5853E-08,-6.5814E-08,-1.5E-10,182.91221,1,1
49,7.2075E-08,-6.2107E-08,-1.58E-10,183.19628,1,1
48,6.2029E-08,-6.1922E-08,-1.48E-10,183.48165,1,1
47,6.2369E-08,-5.7412E-08,-4.51E-10,183.69483,1,1
46,5.5358E-08,-5.5387E-08,-1.344E-09,183.8937,1,1
45,5.1298E-08,-5.119E-08,-3.03E-10,184.17042,1,1
44,4.8191E-08,-4.7897E-08,-3.25E-10,184.48159,1,1
43,4.4889E-08,-4.4756E-08,-3.69E-10,184.84387,1,1
42,4.2005E-08,-4.1908E-08,-4.68E-10,185.09431,1,1
41,3.9505E-08,-3.9284E-08,-4.01E-10,185.37806,1,1
40,3.7092E-08,-3.6769E-08,-4.83E-10,185.67446,1,1
39,3.4551E-08,-3.4349E-08,-4.82E-10,185.95819,1,1
38,3.2525E-08,-3.2364E-08,-5.2E-10,186.26023,1,1
37,3.6764E-08,-2.9952E-08,-5.41E-10,186.57922,1,1
36,3.0998E-08,-3.0614E-08,-8.88E-10,186.83445,1,1
35,2.7995E-08,-2.7592E-08,-5.43E-10,187.10069,1,1
34,2.5954E-08,-2.5486E-08,-6.91E-10,187.33331,1,1
33,2.8158E-08,-2.358E-08,-5.77E-10,187.61724,1,1
32,2.3548E-08,-2.3141E-08,-5.4E-10,187.92134,1,1
31,2.1382E-08,-2.0975E-08,-6.67E-10,188.15262,1,1
30,2.2572E-08,-1.9155E-08,-6.21E-10,188.4358,1,1
29,1.9166E-08,-1.8547E-08,-5.9E-10,188.72039,1,1
28,1.7507E-08,-1.692E-08,-6.76E-10,188.9517,1,1
27,1.8273E-08,-1.5558E-08,-5.93E-10,189.23503,1,1
26,1.5426E-08,-1.5006E-08,-6.44E-10,189.51962,1,1
25,1.4257E-08,-1.3751E-08,-6.15E-10,189.79139,1,1
24,1.5063E-08,-1.2687E-08,-5.98E-10,190.07448,1,1
23,1.2851E-08,-1.2366E-08,-6.23E-10,190.35915,1,1
22,1.1925E-08,-1.1502E-08,-5.65E-10,190.63305,1,1
21,1.2726E-08,-1.0713E-08,-5.79E-10,190.91603,1,1
20,1.0901E-08,-1.0438E-08,-6.67E-10,191.22012,1,1
19,1.0292E-08,-9.602E-09,-6.5E-10,191.45144,1,1
18,1.0785E-08,-8.97E-09,-5.64E-10,191.73449,1,1
17,9.371E-09,-8.84E-09,-5.89E-10,192.01914,1,1
16,8.847E-09,-8.368E-09,-6.19E-10,192.25053,1,1
15,9.222E-09,-7.702E-09,-5.71E-10,192.53383,1,1
14,7.984E-09,-7.429E-09,-5.41E-10,192.81833,1,1
13,7.581E-09,-7.084E-09,-4.99E-10,193.09239,1,1
12,8.049E-09,-6.612E-09,-5.2E-10,193.37535,1,1
11,6.923E-09,-6.625E-09,-5.83E-10,193.6795,1,1
10,6.823E-09,-6.315E-09,-5.45E-10,193.91089,1,1
9,7.11E-09,-5.949E-09,-5.09E-10,194.19393,1,1
8,6.357E-09,-5.793E-09,-5.76E-10,194.47857,1,1
7,6.09E-09,-5.543E-09,-5.81E-10,194.70995,1,1
6,6.45E-09,-5.271E-09,-4.89E-10,194.9931,1,1
5,5.514E-09,-5.014E-09,-5.15E-10,195.2776,1,1
4,5.348E-09,-4.952E-09,-5.02E-10,195.55141,1,1
3,5.721E-09,-4.562E-09,-5.02E-10,195.8352,1,1
2,5.202E-09,-4.615E-09,-5.92E-10,196.07263,1,1
1,4.824E-09,-4.38E-09,-5.34E-10,196.33881,1,1
0,4.749E-09,-4.262E-09,-5.61E-10,196.57119,1,1
-1,4.334E-09,-4.07E-09,-5E-10,196.85525,1,1
-2,4.339E-09,-3.952E-09,-4.81E-10,197.15015,1,1
-3,4.757E-09,-3.639E-09,-5.18E-10,197.43333,1,1
-4,4.17E-09,-3.68E-09,-5.17E-10,197.71865,1,1
-5,4.064E-09,-3.618E-09,-5.46E-10,197.951,1,1
-6,3.821E-09,-3.496E-09,-4.8E-10,198.23468,1,1
-7,3.9E-09,-3.267E-09,-4.52E-10,198.5282,1,1
-8,4.104E-09,-3.129E-09,-4.57E-10,198.8119,1,1
-9,3.566E-09,-3.088E-09,-5.07E-10,199.09718,1,1
-10,3.594E-09,-3.036E-09,-4.58E-10,199.32969,1,1
-11,3.801E-09,-3E-09,-5.23E-10,199.61338,1,1
-12,3.713E-09,-2.877E-09,-5.52E-10,199.85063,1,1
-13,3.259E-09,-2.822E-09,-5.26E-10,200.11707,1,1
-14,3.26E-09,-2.872E-09,-4.72E-10,200.34954,1,1
-15,3.561E-09,-2.824E-09,-4.92E-10,200.63325,1,1
-16,3.14E-09,-2.478E-09,-5.63E-10,200.87063,1,1
-17,3.341E-09,-2.501E-09,-6.02E-10,201.07009,1,1
-18,2.915E-09,-2.442E-09,-5.96E-10,201.33726,1,1
-19,3.085E-09,-2.548E-09,-5.54E-10,201.56866,1,1
-20,3.147E-09,-2.414E-09,-5.45E-10,201.85259,1,1
-21,3.037E-09,-2.276E-09,-6.06E-10,202.09007,1,1
-22,2.718E-09,-2.115E-09,-5.72E-10,202.35637,1,1
-23,2.665E-09,-2.277E-09,-4.97E-10,202.58882,1,1
-24,2.864E-09,-2.248E-09,-5.96E-10,202.8726,1,1
-25,2.81E-09,-2.155E-09,-6.5E-10,203.1097,1,1
-26,2.657E-09,-1.666E-09,-5.08E-10,203.37585,1,1
-27,2.631E-09,-1.742E-09,-3.46E-10,203.60717,1,1
-28,2.492E-09,-1.762E-09,-5.24E-10,203.89015,1,1
-29,1.91E-09,-2.157E-09,-7.37E-10,204.17478,1,1
-30,2.072E-09,-2.092E-09,-7.77E-10,204.40619,1,1
-31,2.861E-09,-2.186E-09,-7.22E-10,204.68935,1,1
-32,2.269E-09,-8.28E-10,8.12E-10,204.97423,1,1
-33,2.064E-09,-5.31E-10,-1.15E-09,205.24296,1,1
-34,2.208E-09,-3.012E-09,-1.377E-09,205.55832,1,1
-35,2.148E-09,-1.018E-09,-2.88E-10,205.80775,1,1
-36,2.414E-09,-1.676E-09,-6.73E-10,206.09086,1,1
-37,1.945E-09,-1.155E-09,-5.07E-10,206.39488,1,1
-38,1.695E-09,-2.3E-09,-1.166E-09,206.62631,1,1
-39,2.322E-09,-1.301E-09,-8.32E-10,206.90925,1,1
-40,2.36E-09,-4.1E-10,-4.56E-10,207.19386,1,1
-41,2.643E-09,-4.09E-10,-3.86E-10,207.42529,1,1
-42,2.584E-09,-4.32E-10,-4.38E-10,207.70861,1,1
-43,2.323E-09,-1.4E-10,-5.11E-10,207.99325,1,1
-44,2.488E-09,-3.87E-10,-6.98E-10,208.22458,1,1
-45,2.285E-09,-5.08E-10,-7.34E-10,208.50774,1,1
-46,1.883E-09,-6.46E-10,-9.2E-10,208.79247,1,1
-47,2.046E-09,-9.28E-10,-9.62E-10,209.06651,1,1
-48,2.134E-09,-7.71E-10,-1.051E-09,209.34978,1,1
-49,1.674E-09,-4.86E-10,-1.186E-09,209.65406,1,1
-50,1.825E-09,-6.78E-10,-1.352E-09,209.88538,1,1
-51,1.923E-09,-3.97E-10,-1.44E-09,210.16849,1,1
-52,1.611E-09,-2.42E-10,-1.472E-09,210.45311,1,1
-53,1.679E-09,-2.66E-10,-1.701E-09,210.68444,1,1
-54,2.452E-09,-1.51E-10,-1.681E-09,210.96759,1,1
-55,2.139E-09,1.99E-10,-1.261E-09,211.25209,1,1
-56,-1.557E-09,-2.599E-09,-1.693E-09,211.48344,1,1
-57,1.108E-09,-2.18E-10,-2.4E-09,211.7668,1,1
-58,1.668E-09,7.6E-10,-2.362E-09,212.05157,1,1
-59,1.125E-09,-3.4E-11,-2.091E-09,212.28304,1,1
-60,-1.31E-09,-2.958E-09,-3.793E-09,212.56617,1,1
-61,5.74E-10,-1.067E-09,-3.136E-09,212.85072,1,1
-62,1.054E-09,-5.31E-10,-3.259E-09,213.11954,1,1
-63,1.043E-09,4.8E-11,-2.633E-09,213.43474,1,1
-64,1.225E-09,2.56E-10,-2.872E-09,213.68402,1,1
-65,1.405E-09,2.35E-10,-2.675E-09,213.96706,1,1
-66,1.256E-09,6.68E-10,-2.673E-09,214.27129,1,1
-67,1.307E-09,6.62E-10,-3.018E-09,214.50262,1,1
-68,1.396E-09,8.68E-10,-2.855E-09,214.78567,1,1
-69,1.245E-09,9.97E-10,-2.855E-09,215.07029,1,1
-70,1.363E-09,8.92E-10,-3.176E-09,215.30169,1,1
-71,1.413E-09,1.026E-09,-2.886E-09,215.58482,1,1
-72,1.136E-09,1.073E-09,-2.899E-09,215.86952,1,1
-73,1.315E-09,9.92E-10,-3.234E-09,216.10083,1,1
-74,1.377E-09,9.84E-10,-2.86E-09,216.38398,1,1
-75,1.075E-09,1.005E-09,-2.755E-09,216.66858,1,1
-76,1.278E-09,6.61E-10,-2.619E-09,216.94267,1,1
-77,1.373E-09,7.01E-10,-2.612E-09,217.2259,1,1
-78,1.094E-09,9.54E-10,-2.541E-09,217.52994,1,1
-79,1.221E-09,7.96E-10,-2.881E-09,217.76135,1,1
-80,1.317E-09,9.94E-10,-2.626E-09,218.04431,1,1
-81,1.16E-09,9.88E-10,-2.65E-09,218.32894,1,1
-82,1.163E-09,7.67E-10,-2.803E-09,218.56034,1,1
-83,1.306E-09,7.47E-10,-2.398E-09,218.84334,1,1
-84,1.142E-09,6.71E-10,-2.247E-09,219.12802,1,1
-85,1.292E-09,5.09E-10,-2.392E-09,219.35951,1,1
-86,1.315E-09,6.44E-10,-2.214E-09,219.64273,1,1
-87,9.37E-10,7.43E-10,-2.196E-09,219.92726,1,1
-88,1.464E-09,1.188E-09,-2.053E-09,220.19616,1,1
-89,1.747E-09,1.927E-09,-1.748E-09,220.51144,1,1
-90,1.053E-09,1.9E-11,-2.236E-09,220.76078,1,1
-91,1.1E-09,9.1E-11,-1.963E-09,221.04395,1,1
-92,9.94E-10,3.06E-10,-1.934E-09,221.34815,1,1
-93,1.061E-09,2.45E-10,-2.044E-09,221.57958,1,1
-94,1.143E-09,3.96E-10,-1.825E-09,221.86283,1,1
-95,9.29E-10,4.97E-10,-1.831E-09,222.14742,1,1
-96,1.131E-09,3.19E-10,-1.968E-09,222.37871,1,1
-97,1.138E-09,2.69E-10,-1.639E-09,222.66198,1,1
-98,9.27E-10,3.19E-10,-1.61E-09,222.94664,1,1
-99,1.174E-09,1.59E-10,-1.699E-09,223.17811,1,1
-100,1.141E-09,1.96E-10,-1.537E-09,223.46137,1,1
