Setup title,TFT Id-Vd-Tian,,,,,,,,,,,,,,
Application test name,TFT Id-Vd-Tian,,,,,,,,,,,,,,
Test date,3/22/2018,,,,,,,,,,,,,,
Test time,10:14:58,,,,,,,,,,,,,,
Device ID,gr-ots-vfet,,,,,,,,,,,,,,
Count,12,,,,,,,,,,,,,,
Flags,!,,,,,,,,,,,,,,
Remarks,idvd-2-neg,,,,,,,,,,,,,,
Name,Gate,Source,Drain,VgStart,,,,VdStop,VdStep,Vs,IgLimit,IntegTime,HoldTime,DelayTime,DrainMinRng
Value,"SMU1:HP	HPSMU","SMU4:HR	HRSMU","SMU3:HR	HRSMU",0,,,,3,0.02,0,0.01,MEDIUM,0,0,1nA
Name,Polarity,Lg,Wg,Temp,,,,,,,,,,,
Value,1,1.00E-06,1.00E-05,25,,,,,,,,,,,
Vdrain,Idrain,Vgate,gds,Rds,,,,,,,,,,,
-3,-0.000122662,0,-1.06E-05,-94786.72986,,,,,,,,,,,
-2.98,-0.000122873,0,9.55E-06,104712.0419,,,,,,,,,,,
-2.96,-0.00012228,0,3.99E-05,25062.65664,,,,,,,,,,,
-2.94,-0.000121277,0,5.35E-05,18674.13632,,,,,,,,,,,
-2.92,-0.000120138,0,5.90E-05,16963.52841,,,,,,,,,,,
-2.9,-0.000118919,0,6.17E-05,16214.02513,,,,,,,,,,,
-2.88,-0.000117671,0,6.42E-05,15576.32399,,,,,,,,,,,
-2.86,-0.000116351,0,6.53E-05,15302.21882,,,,,,,,,,,
-2.84,-0.000115057,0,6.65E-05,15043.24934,,,,,,,,,,,
-2.82,-0.000113692,0,6.75E-05,14809.32988,,,,,,,,,,,
-2.8,-0.000112356,0,6.88E-05,14534.88372,,,,,,,,,,,
-2.78,-0.00011094,0,6.97E-05,14347.2023,,,,,,,,,,,
-2.76,-0.000109568,0,6.80E-05,14695.07715,,,,,,,,,,,
-2.74,-0.000108218,0,6.90E-05,14503.26323,,,,,,,,,,,
-2.72,-0.00010681,0,7.00E-05,14280.61407,,,,,,,,,,,
-2.7,-0.000105417,0,6.94E-05,14404.03313,,,,,,,,,,,
-2.68,-0.000104033,0,7.09E-05,14109.34744,,,,,,,,,,,
-2.66,-0.000102582,0,7.15E-05,13990.90591,,,,,,,,,,,
-2.64,-0.000101174,0,7.09E-05,14103.37776,,,,,,,,,,,
-2.62,-9.97E-05,0,7.11E-05,14055.80153,,,,,,,,,,,
-2.6,-9.83E-05,0,7.10E-05,14091.45353,,,,,,,,,,,
-2.58,-9.69E-05,0,6.98E-05,14330.7538,,,,,,,,,,,
-2.56,-9.55E-05,0,6.91E-05,14466.02293,,,,,,,,,,,
-2.54,-9.41E-05,0,7.04E-05,14205.0499,,,,,,,,,,,
-2.52,-9.27E-05,0,7.02E-05,14245.52156,,,,,,,,,,,
-2.5,-9.13E-05,0,6.96E-05,14366.784,,,,,,,,,,,
-2.48,-8.99E-05,0,7.04E-05,14201.01537,,,,,,,,,,,
-2.46,-8.85E-05,0,7.03E-05,14217.16723,,,,,,,,,,,
-2.44,-8.71E-05,0,6.98E-05,14327.16071,,,,,,,,,,,
-2.42,-8.57E-05,0,6.92E-05,14457.65714,,,,,,,,,,,
-2.4,-8.44E-05,0,6.88E-05,14533.82748,,,,,,,,,,,
-2.38,-8.30E-05,0,6.89E-05,14523.80088,,,,,,,,,,,
-2.36,-8.16E-05,0,6.86E-05,14567.17288,,,,,,,,,,,
-2.34,-8.02E-05,0,6.80E-05,14706.42303,,,,,,,,,,,
-2.32,-7.89E-05,0,6.84E-05,14628.97268,,,,,,,,,,,
-2.3,-7.75E-05,0,6.79E-05,14733.50768,,,,,,,,,,,
-2.28,-7.62E-05,0,6.76E-05,14793.4465,,,,,,,,,,,
-2.26,-7.48E-05,0,6.85E-05,14598.54015,,,,,,,,,,,
-2.24,-7.34E-05,0,6.72E-05,14878.73828,,,,,,,,,,,
-2.22,-7.21E-05,0,6.64E-05,15050.04139,,,,,,,,,,,
-2.2,-7.08E-05,0,6.67E-05,14994.18975,,,,,,,,,,,
-2.18,-6.94E-05,0,6.70E-05,14922.03238,,,,,,,,,,,
-2.16,-6.81E-05,0,6.61E-05,15128.02088,,,,,,,,,,,
-2.14,-6.68E-05,0,6.47E-05,15446.99749,,,,,,,,,,,
-2.12,-6.55E-05,0,6.46E-05,15475.68383,,,,,,,,,,,
-2.1,-6.42E-05,0,6.53E-05,15309.24679,,,,,,,,,,,
-2.08,-6.29E-05,0,6.50E-05,15388.75851,,,,,,,,,,,
-2.06,-6.16E-05,0,6.41E-05,15601.84102,,,,,,,,,,,
-2.04,-6.03E-05,0,6.36E-05,15721.4165,,,,,,,,,,,
-2.02,-5.91E-05,0,6.35E-05,15744.31237,,,,,,,,,,,
-2,-5.78E-05,0,6.34E-05,15765.41069,,,,,,,,,,,
-1.98,-5.65E-05,0,6.24E-05,16023.07323,,,,,,,,,,,
-1.96,-5.53E-05,0,6.25E-05,16004.48125,,,,,,,,,,,
-1.94,-5.40E-05,0,6.19E-05,16143.35297,,,,,,,,,,,
-1.92,-5.28E-05,0,6.13E-05,16312.54843,,,,,,,,,,,
-1.9,-5.16E-05,0,6.12E-05,16328.53002,,,,,,,,,,,
-1.88,-5.04E-05,0,6.07E-05,16471.75095,,,,,,,,,,,
-1.86,-4.91E-05,0,6.01E-05,16632.70822,,,,,,,,,,,
-1.84,-4.80E-05,0,5.99E-05,16692.40078,,,,,,,,,,,
-1.82,-4.67E-05,0,5.92E-05,16889.03901,,,,,,,,,,,
-1.8,-4.56E-05,0,5.80E-05,17254.76663,,,,,,,,,,,
-1.78,-4.44E-05,0,5.84E-05,17134.29,,,,,,,,,,,
-1.76,-4.33E-05,0,5.82E-05,17179.91668,,,,,,,,,,,
-1.74,-4.21E-05,0,5.71E-05,17506.2366,,,,,,,,,,,
-1.72,-4.10E-05,0,5.63E-05,17765.93382,,,,,,,,,,,
-1.7,-3.98E-05,0,5.60E-05,17852.36097,,,,,,,,,,,
-1.68,-3.87E-05,0,5.57E-05,17952.5156,,,,,,,,,,,
-1.66,-3.76E-05,0,5.49E-05,18204.98817,,,,,,,,,,,
-1.64,-3.65E-05,0,5.45E-05,18356.2021,,,,,,,,,,,
-1.62,-3.54E-05,0,5.38E-05,18598.59581,,,,,,,,,,,
-1.6,-3.44E-05,0,5.30E-05,18854.58402,,,,,,,,,,,
-1.58,-3.33E-05,0,5.31E-05,18823.52941,,,,,,,,,,,
-1.56,-3.23E-05,0,5.22E-05,19168.10427,,,,,,,,,,,
-1.54,-3.12E-05,0,5.15E-05,19414.64835,,,,,,,,,,,
-1.52,-3.02E-05,0,5.11E-05,19564.68574,,,,,,,,,,,
-1.5,-2.92E-05,0,4.96E-05,20149.10336,,,,,,,,,,,
-1.48,-2.82E-05,0,4.93E-05,20285.00431,,,,,,,,,,,
-1.46,-2.72E-05,0,4.88E-05,20503.35742,,,,,,,,,,,
-1.44,-2.63E-05,0,4.80E-05,20855.05735,,,,,,,,,,,
-1.42,-2.53E-05,0,4.76E-05,20995.17111,,,,,,,,,,,
-1.4,-2.44E-05,0,4.69E-05,21304.92676,,,,,,,,,,,
-1.38,-2.34E-05,0,4.58E-05,21830.48627,,,,,,,,,,,
-1.36,-2.25E-05,0,4.51E-05,22161.89263,,,,,,,,,,,
-1.34,-2.16E-05,0,4.47E-05,22351.36343,,,,,,,,,,,
-1.32,-2.07E-05,0,4.38E-05,22824.53638,,,,,,,,,,,
-1.3,-1.99E-05,0,4.29E-05,23319.53594,,,,,,,,,,,
-1.28,-1.90E-05,0,4.23E-05,23630.88557,,,,,,,,,,,
-1.26,-1.82E-05,0,4.12E-05,24274.79063,,,,,,,,,,,
-1.24,-1.74E-05,0,4.03E-05,24830.8399,,,,,,,,,,,
-1.22,-1.66E-05,0,3.96E-05,25230.22581,,,,,,,,,,,
-1.2,-1.58E-05,0,3.88E-05,25781.50177,,,,,,,,,,,
-1.18,-1.50E-05,0,3.80E-05,26295.03024,,,,,,,,,,,
-1.16,-1.43E-05,0,3.68E-05,27151.77844,,,,,,,,,,,
-1.14,-1.35E-05,0,3.60E-05,27799.01314,,,,,,,,,,,
-1.12,-1.28E-05,0,3.54E-05,28260.56239,,,,,,,,,,,
-1.1,-1.21E-05,0,3.42E-05,29261.15582,,,,,,,,,,,
-1.08,-1.15E-05,0,3.33E-05,30072.92685,,,,,,,,,,,
-1.06,-1.08E-05,0,3.26E-05,30698.38833,,,,,,,,,,,
-1.04,-1.02E-05,0,3.15E-05,31788.66893,,,,,,,,,,,
-1.02,-9.53E-06,0,3.05E-05,32782.31722,,,,,,,,,,,
-1,-8.93E-06,0,2.96E-05,33765.53214,,,,,,,,,,,
-0.98,-8.35E-06,0,2.85E-05,35128.70278,,,,,,,,,,,
-0.96,-7.79E-06,0,2.74E-05,36432.19513,,,,,,,,,,,
-0.94,-7.25E-06,0,2.65E-05,37759.3596,,,,,,,,,,,
-0.92,-6.73E-06,0,2.52E-05,39610.23528,,,,,,,,,,,
-0.9,-6.24E-06,0,2.42E-05,41307.37853,,,,,,,,,,,
-0.88,-5.76E-06,0,2.32E-05,43101.12602,,,,,,,,,,,
-0.86,-5.31E-06,0,2.22E-05,45095.82864,,,,,,,,,,,
-0.84,-4.88E-06,0,2.12E-05,47096.50073,,,,,,,,,,,
-0.82,-4.46E-06,0,2.01E-05,49795.83707,,,,,,,,,,,
-0.8,-4.07E-06,0,1.90E-05,52586.60356,,,,,,,,,,,
-0.78,-3.70E-06,0,1.81E-05,55337.28073,,,,,,,,,,,
-0.76,-3.35E-06,0,1.70E-05,58784.62782,,,,,,,,,,,
-0.74,-3.02E-06,0,1.58E-05,63183.168,,,,,,,,,,,
-0.72,-2.72E-06,0,1.48E-05,67533.34459,,,,,,,,,,,
-0.7,-2.43E-06,0,1.39E-05,71842.95131,,,,,,,,,,,
-0.68,-2.16E-06,0,1.29E-05,77462.33394,,,,,,,,,,,
-0.66,-1.91E-06,0,1.19E-05,84357.9307,,,,,,,,,,,
-0.64,-1.69E-06,0,1.09E-05,91915.98879,,,,,,,,,,,
-0.62,-1.48E-06,0,1.00E-05,99785.46126,,,,,,,,,,,
-0.6,-1.29E-06,0,9.17E-06,109080.9926,,,,,,,,,,,
-0.58,-1.11E-06,0,8.29E-06,120692.4124,,,,,,,,,,,
-0.56,-9.55E-07,0,7.42E-06,134830.8547,,,,,,,,,,,
-0.54,-8.14E-07,0,6.64E-06,150713.0612,,,,,,,,,,,
-0.52,-6.89E-07,0,5.89E-06,169867.2487,,,,,,,,,,,
-0.5,-5.79E-07,0,5.16E-06,193625.8374,,,,,,,,,,,
-0.48,-4.83E-07,0,4.52E-06,221190.0022,,,,,,,,,,,
-0.46,-3.98E-07,0,3.93E-06,254194.2044,,,,,,,,,,,
-0.44,-3.25E-07,0,3.38E-06,295715.8171,,,,,,,,,,,
-0.42,-2.63E-07,0,2.87E-06,348553.503,,,,,,,,,,,
-0.4,-2.10E-07,0,2.41E-06,414937.7593,,,,,,,,,,,
-0.38,-1.66E-07,0,2.01E-06,497314.5017,,,,,,,,,,,
-0.36,-1.30E-07,0,1.66E-06,601368.1125,,,,,,,,,,,
-0.34,-1.00E-07,0,1.36E-06,736363.469,,,,,,,,,,,
-0.32,-7.57E-08,0,1.08E-06,925390.3991,,,,,,,,,,,
-0.3,-5.68E-08,0,8.51E-07,1174501.571,,,,,,,,,,,
-0.28,-4.16E-08,0,6.65E-07,1504324.934,,,,,,,,,,,
-0.26,-3.02E-08,0,5.05E-07,1980001.98,,,,,,,,,,,
-0.24,-2.14E-08,0,3.83E-07,2612330.199,,,,,,,,,,,
-0.22,-1.49E-08,0,2.80E-07,3577817.531,,,,,,,,,,,
-0.2,-1.02E-08,0,1.96E-07,5089706.069,,,,,,,,,,,
-0.18,-7.00E-09,0,1.42E-07,7021239.249,,,,,,,,,,,
-0.16,-4.55E-09,0,1.01E-07,9920634.921,,,,,,,,,,,
-0.14,-2.97E-09,0,6.78E-08,14754703.06,,,,,,,,,,,
-0.12,-1.84E-09,0,4.51E-08,22160664.82,,,,,,,,,,,
-0.1,-1.16E-09,0,2.68E-08,37278657.97,,,,,,,,,,,
-0.08,-7.67E-10,0,1.70E-08,58997050.15,,,,,,,,,,,
-0.06,-4.83E-10,0,1.21E-08,82987551.87,,,,,,,,,,,
-0.04,-2.85E-10,0,9.28E-09,107816711.6,,,,,,,,,,,
-0.02,-1.12E-10,0,6.35E-09,157480315,,,,,,,,,,,
0,-3.10E-11,0,3.33E-09,300751879.7,,,,,,,,,,,
0.02,2.10E-11,0,4.75E-10,2105263158,,,,,,,,,,,
0.04,-1.20E-11,0,-7.50E-11,-13333333333,,,,,,,,,,,
0.06,1.80E-11,0,1.45E-09,689655172.4,,,,,,,,,,,
0.08,4.60E-11,0,1.43E-09,701754386,,,,,,,,,,,
0.1,7.50E-11,0,-6.50E-10,-1538461538,,,,,,,,,,,
0.12,2.00E-11,0,-1.28E-09,-784313725.5,,,,,,,,,,,
0.14,2.40E-11,0,2.28E-09,439560439.6,,,,,,,,,,,
0.16,1.11E-10,0,2.60E-09,384615384.6,,,,,,,,,,,
0.18,1.28E-10,0,2.25E-10,4444444444,,,,,,,,,,,
0.2,1.20E-10,0,6.13E-09,163265306.1,,,,,,,,,,,
0.22,3.73E-10,0,6.28E-09,159362549.8,,,,,,,,,,,
0.24,3.71E-10,0,-1.28E-09,-784313725.5,,,,,,,,,,,
0.26,3.22E-10,0,-1.00E-10,-10000000000,,,,,,,,,,,
0.28,3.67E-10,0,1.35E-09,740740740.7,,,,,,,,,,,
0.3,3.76E-10,0,-1.20E-09,-833333333.3,,,,,,,,,,,
0.32,3.19E-10,0,1.80E-09,555555555.6,,,,,,,,,,,
0.34,4.48E-10,0,6.23E-09,160642570.3,,,,,,,,,,,
0.36,5.68E-10,0,4.48E-09,223463687.2,,,,,,,,,,,
0.38,6.27E-10,0,3.75E-10,2666666667,,,,,,,,,,,
0.4,5.83E-10,0,1.08E-09,930232558.1,,,,,,,,,,,
0.42,6.70E-10,0,2.43E-09,412371134,,,,,,,,,,,
0.44,6.80E-10,0,6.75E-10,1481481481,,,,,,,,,,,
0.46,6.97E-10,0,1.33E-09,754716981.1,,,,,,,,,,,
0.48,7.33E-10,0,1.65E-09,606060606.1,,,,,,,,,,,
0.5,7.63E-10,0,0,,,,,,,,,,,,
0.52,7.33E-10,0,-1.73E-09,-579710144.9,,,,,,,,,,,
0.54,6.94E-10,0,1.50E-10,6666666667,,,,,,,,,,,
0.56,7.39E-10,0,1.80E-09,555555555.6,,,,,,,,,,,
0.58,7.66E-10,0,2.13E-09,470588235.3,,,,,,,,,,,
0.6,8.24E-10,0,6.88E-09,145454545.5,,,,,,,,,,,
0.62,1.04E-09,0,7.22E-09,138408304.5,,,,,,,,,,,
0.64,1.11E-09,0,3.83E-09,261437908.5,,,,,,,,,,,
0.66,1.19E-09,0,-2.50E-10,-4000000000,,,,,,,,,,,
0.68,1.10E-09,0,3.75E-10,2666666667,,,,,,,,,,,
0.7,1.21E-09,0,5.55E-09,180180180.2,,,,,,,,,,,
0.72,1.33E-09,0,7.60E-09,131578947.4,,,,,,,,,,,
0.74,1.51E-09,0,9.17E-09,108991825.6,,,,,,,,,,,
0.76,1.69E-09,0,2.00E-09,500000000,,,,,,,,,,,
0.78,1.59E-09,0,1.20E-09,833333333.3,,,,,,,,,,,
0.8,1.74E-09,0,6.25E-09,160000000,,,,,,,,,,,
0.82,1.84E-09,0,7.43E-09,134680134.7,,,,,,,,,,,
0.84,2.04E-09,0,7.45E-09,134228187.9,,,,,,,,,,,
0.86,2.14E-09,0,5.23E-09,191387559.8,,,,,,,,,,,
0.88,2.25E-09,0,2.58E-09,388349514.6,,,,,,,,,,,
0.9,2.24E-09,0,6.43E-09,155642023.3,,,,,,,,,,,
0.92,2.50E-09,0,6.92E-09,144404332.1,,,,,,,,,,,
0.94,2.52E-09,0,7.23E-09,138408304.5,,,,,,,,,,,
0.96,2.79E-09,0,1.05E-08,95011876.48,,,,,,,,,,,
0.98,2.94E-09,0,7.75E-09,129032258.1,,,,,,,,,,,
1,3.10E-09,0,6.82E-09,146520146.5,,,,,,,,,,,
1.02,3.22E-09,0,6.93E-09,144404332.1,,,,,,,,,,,
1.04,3.38E-09,0,7.43E-09,134680134.7,,,,,,,,,,,
1.06,3.51E-09,0,1.35E-08,74211502.78,,,,,,,,,,,
1.08,3.92E-09,0,8.60E-09,116279069.8,,,,,,,,,,,
1.1,3.86E-09,0,1.51E-08,66225165.56,,,,,,,,,,,
1.12,4.52E-09,0,1.58E-08,63191153.24,,,,,,,,,,,
1.14,4.49E-09,0,4.45E-09,224719101.1,,,,,,,,,,,
1.16,4.70E-09,0,1.25E-09,800000000,,,,,,,,,,,
1.18,4.54E-09,0,-1.45E-09,-689655172.4,,,,,,,,,,,
1.2,4.64E-09,0,1.19E-08,84210526.32,,,,,,,,,,,
1.22,5.01E-09,0,1.04E-08,96618357.49,,,,,,,,,,,
1.24,5.06E-09,0,1.72E-08,58224163.03,,,,,,,,,,,
1.26,5.70E-09,0,2.82E-08,35492457.85,,,,,,,,,,,
1.28,6.18E-09,0,1.74E-08,57388809.18,,,,,,,,,,,
1.3,6.40E-09,0,2.18E-08,45819014.89,,,,,,,,,,,
1.32,7.06E-09,0,3.08E-08,32520325.2,,,,,,,,,,,
1.34,7.63E-09,0,2.06E-08,48484848.48,,,,,,,,,,,
1.36,7.88E-09,0,1.20E-08,83160083.16,,,,,,,,,,,
1.38,8.11E-09,0,6.98E-09,143369175.6,,,,,,,,,,,
1.4,8.16E-09,0,1.27E-08,78895463.51,,,,,,,,,,,
1.42,8.62E-09,0,2.40E-08,41753653.44,,,,,,,,,,,
1.44,9.12E-09,0,5.05E-08,19821605.55,,,,,,,,,,,
1.46,1.06E-08,0,5.22E-08,19157088.12,,,,,,,,,,,
1.48,1.12E-08,0,3.06E-08,32653061.22,,,,,,,,,,,
1.5,1.19E-08,0,2.71E-08,36968576.71,,,,,,,,,,,
1.52,1.23E-08,0,2.30E-08,43525571.27,,,,,,,,,,,
1.54,1.28E-08,0,7.12E-09,140350877.2,,,,,,,,,,,
1.56,1.26E-08,0,3.22E-08,31055900.62,,,,,,,,,,,
1.58,1.41E-08,0,3.74E-08,26720106.88,,,,,,,,,,,
1.6,1.41E-08,0,-1.03E-08,-97323600.97,,,,,,,,,,,
1.62,1.37E-08,0,1.97E-08,50825921.22,,,,,,,,,,,
1.64,1.49E-08,0,7.33E-08,13633265.17,,,,,,,,,,,
1.66,1.66E-08,0,4.56E-08,21929824.56,,,,,,,,,,,
1.68,1.67E-08,0,1.25E-08,79840319.36,,,,,,,,,,,
1.7,1.71E-08,0,2.55E-08,39177277.18,,,,,,,,,,,
1.72,1.77E-08,0,4.20E-08,23823704.59,,,,,,,,,,,
1.74,1.88E-08,0,3.17E-08,31595576.62,,,,,,,,,,,
1.76,1.90E-08,0,3.55E-08,28208744.71,,,,,,,,,,,
1.78,2.02E-08,0,5.94E-08,16835016.84,,,,,,,,,,,
1.8,2.13E-08,0,4.03E-08,24829298.57,,,,,,,,,,,
1.82,2.18E-08,0,6.56E-08,15232292.46,,,,,,,,,,,
1.84,2.40E-08,0,6.47E-08,15444015.44,,,,,,,,,,,
1.86,2.44E-08,0,2.57E-08,38910505.84,,,,,,,,,,,
1.88,2.50E-08,0,3.14E-08,31872509.96,,,,,,,,,,,
1.9,2.56E-08,0,4.19E-08,23880597.01,,,,,,,,,,,
1.92,2.67E-08,0,1.12E-07,8944543.828,,,,,,,,,,,
1.94,3.01E-08,0,1.40E-07,7125044.532,,,,,,,,,,,
1.96,3.23E-08,0,8.07E-08,12383900.93,,,,,,,,,,,
1.98,3.33E-08,0,4.15E-08,24081878.39,,,,,,,,,,,
2,3.39E-08,0,6.36E-08,15723270.44,,,,,,,,,,,
2.02,3.59E-08,0,7.39E-08,13536379.02,,,,,,,,,,,
2.04,3.69E-08,0,9.36E-08,10680907.88,,,,,,,,,,,
2.06,3.96E-08,0,1.04E-07,9592326.139,,,,,,,,,,,
2.08,4.11E-08,0,1.08E-07,9302325.581,,,,,,,,,,,
2.1,4.39E-08,0,1.47E-07,6818956.7,,,,,,,,,,,
2.12,4.69E-08,0,8.65E-08,11557353.37,,,,,,,,,,,
2.14,4.74E-08,0,4.73E-08,21152829.19,,,,,,,,,,,
2.16,4.88E-08,0,1.43E-07,6969855.376,,,,,,,,,,,
2.18,5.31E-08,0,1.37E-07,7313951.362,,,,,,,,,,,
2.2,5.43E-08,0,1.08E-07,9300162.753,,,,,,,,,,,
2.22,5.74E-08,0,1.43E-07,6971070.059,,,,,,,,,,,
2.24,6.00E-08,0,1.22E-07,8184980.561,,,,,,,,,,,
2.26,6.23E-08,0,1.27E-07,7858546.169,,,,,,,,,,,
2.28,6.51E-08,0,1.23E-07,8098805.426,,,,,,,,,,,
2.3,6.73E-08,0,3.83E-08,26126714.57,,,,,,,,,,,
2.32,6.67E-08,0,1.64E-07,6104074.47,,,,,,,,,,,
2.34,7.38E-08,0,2.40E-07,4165798.792,,,,,,,,,,,
2.36,7.63E-08,0,1.44E-07,6952894.142,,,,,,,,,,,
2.38,7.96E-08,0,1.72E-07,5813953.488,,,,,,,,,,,
2.4,8.31E-08,0,1.69E-07,5900575.306,,,,,,,,,,,
2.42,8.63E-08,0,1.91E-07,5242463.958,,,,,,,,,,,
2.44,9.08E-08,0,1.92E-07,5211726.384,,,,,,,,,,,
2.46,9.40E-08,0,1.91E-07,5222613.918,,,,,,,,,,,
2.48,9.84E-08,0,1.82E-07,5485463.522,,,,,,,,,,,
2.5,1.01E-07,0,1.56E-07,6417455.479,,,,,,,,,,,
2.52,1.05E-07,0,1.91E-07,5232177.894,,,,,,,,,,,
2.54,1.09E-07,0,1.76E-07,5673758.865,,,,,,,,,,,
2.56,1.12E-07,0,1.53E-07,6535947.712,,,,,,,,,,,
2.58,1.15E-07,0,2.24E-07,4470272.687,,,,,,,,,,,
2.6,1.21E-07,0,2.25E-07,4447409.384,,,,,,,,,,,
2.62,1.24E-07,0,2.90E-07,3445899.38,,,,,,,,,,,
2.64,1.32E-07,0,2.59E-07,3857280.617,,,,,,,,,,,
2.66,1.34E-07,0,1.88E-07,5331200.853,,,,,,,,,,,
2.68,1.40E-07,0,2.47E-07,4046125.835,,,,,,,,,,,
2.7,1.44E-07,0,2.31E-07,4335103.501,,,,,,,,,,,
2.72,1.49E-07,0,3.09E-07,3238079.819,,,,,,,,,,,
2.74,1.57E-07,0,3.23E-07,3100294.528,,,,,,,,,,,
2.76,1.62E-07,0,2.74E-07,3644646.925,,,,,,,,,,,
2.78,1.68E-07,0,2.76E-07,3625158.601,,,,,,,,,,,
2.8,1.73E-07,0,2.60E-07,3846153.846,,,,,,,,,,,
2.82,1.78E-07,0,3.16E-07,3169572.108,,,,,,,,,,,
2.84,1.86E-07,0,3.02E-07,3307698.669,,,,,,,,,,,
2.86,1.90E-07,0,2.53E-07,3946719.29,,,,,,,,,,,
2.88,1.96E-07,0,3.37E-07,2967799.377,,,,,,,,,,,
2.9,2.04E-07,0,3.96E-07,2526368.976,,,,,,,,,,,
2.92,2.12E-07,0,4.48E-07,2230151.65,,,,,,,,,,,
2.94,2.22E-07,0,3.18E-07,3148862.473,,,,,,,,,,,
2.96,2.24E-07,0,2.72E-07,3682902.127,,,,,,,,,,,
2.98,2.32E-07,0,4.53E-07,2207261.892,,,,,,,,,,,
3,2.42E-07,0,4.96E-07,2015519.5,,,,,,,,,,,
-3,-0.000232594,-25,0.0003655,2735.978112,,,,,,,,,,,
-2.98,-0.000230573,-25,0.0003585,2789.400279,,,,,,,,,,,
-2.96,-0.000228481,-25,0.00035305,2832.459992,,,,,,,,,,,
-2.94,-0.000226335,-25,0.00035375,2826.855124,,,,,,,,,,,
-2.92,-0.000224191,-25,0.000351675,2843.534513,,,,,,,,,,,
-2.9,-0.000222056,-25,0.000353325,2830.255431,,,,,,,,,,,
-2.88,-0.000219892,-25,0.000354125,2823.861631,,,,,,,,,,,
-2.86,-0.000217755,-25,0.000353775,2826.65536,,,,,,,,,,,
-2.84,-0.000215577,-25,0.000354875,2817.893625,,,,,,,,,,,
-2.82,-0.000213417,-25,0.00035255,2836.477095,,,,,,,,,,,
-2.8,-0.000211272,-25,0.00035215,2839.698992,,,,,,,,,,,
-2.78,-0.000209109,-25,0.000352825,2834.266279,,,,,,,,,,,
-2.76,-0.000206944,-25,0.00035105,2848.597066,,,,,,,,,,,
-2.74,-0.00020481,-25,0.000351275,2846.772472,,,,,,,,,,,
-2.72,-0.000202653,-25,0.000351875,2841.918295,,,,,,,,,,,
-2.7,-0.000200504,-25,0.000349325,2862.663709,,,,,,,,,,,
-2.68,-0.00019836,-25,0.000349425,2861.844459,,,,,,,,,,,
-2.66,-0.000196207,-25,0.000349675,2859.798384,,,,,,,,,,,
-2.64,-0.000194062,-25,0.0003474,2878.526195,,,,,,,,,,,
-2.62,-0.000191931,-25,0.000347575,2877.07689,,,,,,,,,,,
-2.6,-0.000189784,-25,0.0003476,2876.869965,,,,,,,,,,,
-2.58,-0.000187634,-25,0.000345475,2894.565453,,,,,,,,,,,
-2.56,-0.000185505,-25,0.000345,2898.550725,,,,,,,,,,,
-2.54,-0.00018337,-25,0.000345625,2893.309222,,,,,,,,,,,
-2.52,-0.000181236,-25,0.00034235,2920.987294,,,,,,,,,,,
-2.5,-0.000179122,-25,0.000341175,2931.047117,,,,,,,,,,,
-2.48,-0.000176996,-25,0.000342875,2916.514765,,,,,,,,,,,
-2.46,-0.000174873,-25,0.00034,2941.176471,,,,,,,,,,,
-2.44,-0.000172768,-25,0.000338075,2957.923538,,,,,,,,,,,
-2.42,-0.000170657,-25,0.00033885,2951.15833,,,,,,,,,,,
-2.4,-0.000168542,-25,0.000336725,2969.782463,,,,,,,,,,,
-2.38,-0.000166449,-25,0.000335525,2980.403845,,,,,,,,,,,
-2.36,-0.000164339,-25,0.000335775,2978.184796,,,,,,,,,,,
-2.34,-0.000162238,-25,0.000333875,2995.132909,,,,,,,,,,,
-2.32,-0.000160156,-25,0.0003321,3011.141223,,,,,,,,,,,
-2.3,-0.000158062,-25,0.000331175,3019.551597,,,,,,,,,,,
-2.28,-0.000155972,-25,0.000331075,3020.463641,,,,,,,,,,,
-2.26,-0.000153884,-25,0.000331025,3020.91987,,,,,,,,,,,
-2.24,-0.0001518,-25,0.0003277,3051.571559,,,,,,,,,,,
-2.22,-0.000149738,-25,0.000325825,3069.132203,,,,,,,,,,,
-2.2,-0.000147661,-25,0.00032595,3067.955208,,,,,,,,,,,
-2.18,-0.000145593,-25,0.0003248,3078.817734,,,,,,,,,,,
-2.16,-0.000143519,-25,0.000322475,3101.015583,,,,,,,,,,,
-2.14,-0.000141477,-25,0.000319975,3125.24416,,,,,,,,,,,
-2.12,-0.000139419,-25,0.00031955,3129.40072,,,,,,,,,,,
-2.1,-0.000137363,-25,0.00031915,3133.322889,,,,,,,,,,,
-2.08,-0.000135311,-25,0.000317525,3149.358318,,,,,,,,,,,
-2.06,-0.000133267,-25,0.000314625,3178.386969,,,,,,,,,,,
-2.04,-0.000131246,-25,0.00031365,3188.267177,,,,,,,,,,,
-2.02,-0.000129206,-25,0.000312825,3196.675458,,,,,,,,,,,
-2,-0.000127184,-25,0.000311625,3208.985158,,,,,,,,,,,
-1.98,-0.000125156,-25,0.0003083,3243.593902,,,,,,,,,,,
-1.96,-0.000123162,-25,0.000306025,3267.706887,,,,,,,,,,,
-1.94,-0.000121146,-25,0.00030645,3263.175069,,,,,,,,,,,
-1.92,-0.000119131,-25,0.00030475,3281.378179,,,,,,,,,,,
-1.9,-0.000117131,-25,0.000303,3300.330033,,,,,,,,,,,
-1.88,-0.000115133,-25,0.0002996,3337.783712,,,,,,,,,,,
-1.86,-0.00011316,-25,0.000297675,3359.368439,,,,,,,,,,,
-1.84,-0.00011117,-25,0.000297275,3363.888655,,,,,,,,,,,
-1.82,-0.000109189,-25,0.000295375,3385.526873,,,,,,,,,,,
-1.8,-0.00010721,-25,0.000292075,3423.778139,,,,,,,,,,,
-1.78,-0.000105264,-25,0.000290275,3445.009043,,,,,,,,,,,
-1.76,-0.000103298,-25,0.000290025,3447.978623,,,,,,,,,,,
-1.74,-0.000101346,-25,0.000287275,3480.985119,,,,,,,,,,,
-1.72,-9.93987E-05,-25,0.000283125,3532.00883,,,,,,,,,,,
-1.7,-9.74634E-05,-25,0.0002816,3551.136364,,,,,,,,,,,
-1.68,-9.553E-05,-25,0.0002814,3553.66027,,,,,,,,,,,
-1.66,-9.35556E-05,-25,0.0002789,3585.514521,,,,,,,,,,,
-1.64,-9.16322E-05,-25,0.00027625,3619.909502,,,,,,,,,,,
-1.62,-8.97151E-05,-25,0.000272675,3667.369579,,,,,,,,,,,
-1.6,-8.78236E-05,-25,0.000269925,3704.732796,,,,,,,,,,,
-1.58,-8.59205E-05,-25,0.000268525,3724.04804,,,,,,,,,,,
-1.56,-8.40233E-05,-25,0.00026475,3777.148253,,,,,,,,,,,
-1.54,-8.21527E-05,-25,0.0002621,3815.337657,,,,,,,,,,,
-1.52,-8.02732E-05,-25,0.000261175,3828.850388,,,,,,,,,,,
-1.5,-7.83997E-05,-25,0.00025765,3881.234232,,,,,,,,,,,
-1.48,-7.65543E-05,-25,0.0002545,3929.273084,,,,,,,,,,,
-1.46,-7.47012E-05,-25,0.000252625,3958.436418,,,,,,,,,,,
-1.44,-7.28577E-05,-25,0.000248525,4023.740066,,,,,,,,,,,
-1.42,-7.10344E-05,-25,0.00024575,4069.175992,,,,,,,,,,,
-1.4,-6.92145E-05,-25,0.000243525,4106.354584,,,,,,,,,,,
-1.38,-6.74013E-05,-25,0.00023875,4188.481675,,,,,,,,,,,
-1.36,-6.56114E-05,-25,0.0002359,4239.084358,,,,,,,,,,,
-1.34,-6.38127E-05,-25,0.000233675,4279.447951,,,,,,,,,,,
-1.32,-6.20321E-05,-25,0.000229025,4366.335553,,,,,,,,,,,
-1.3,-6.0277E-05,-25,0.0002253,4438.526409,,,,,,,,,,,
-1.28,-5.85131E-05,-25,0.000224175,4460.800714,,,,,,,,,,,
-1.26,-5.68E-05,-25,0.000219423,4557.417767,,,,,,,,,,,
-1.24,-5.50E-05,-25,0.000214005,4672.788019,,,,,,,,,,,
-1.22,-5.33E-05,-25,0.000210483,4750.9888,,,,,,,,,,,
-1.2,-5.16E-05,-25,0.000206593,4840.446773,,,,,,,,,,,
-1.18,-4.99E-05,-25,0.000202823,4930.419455,,,,,,,,,,,
-1.16,-4.82E-05,-25,0.000197603,5060.664718,,,,,,,,,,,
-1.14,-4.66E-05,-25,0.00019358,5165.822916,,,,,,,,,,,
-1.12,-4.49E-05,-25,0.00018987,5266.761468,,,,,,,,,,,
-1.1,-4.33E-05,-25,0.000184593,5417.338191,,,,,,,,,,,
-1.08,-4.17E-05,-25,0.000180005,5555.401239,,,,,,,,,,,
-1.06,-4.01E-05,-25,0.00017615,5676.979847,,,,,,,,,,,
-1.04,-3.85E-05,-25,0.000170385,5869.061244,,,,,,,,,,,
-1.02,-3.69E-05,-25,0.000165358,6047.503137,,,,,,,,,,,
-1,-3.54E-05,-25,0.00016128,6200.396825,,,,,,,,,,,
-0.98,-3.39E-05,-25,0.000155065,6448.908522,,,,,,,,,,,
-0.96,-3.24E-05,-25,0.00014945,6691.201071,,,,,,,,,,,
-0.94,-3.09E-05,-25,0.000144838,6904.28929,,,,,,,,,,,
-0.92,-2.94E-05,-25,0.000138718,7208.895777,,,,,,,,,,,
-0.9,-2.80E-05,-25,0.00013309,7513.712525,,,,,,,,,,,
-0.88,-2.65E-05,-25,0.000127378,7850.680065,,,,,,,,,,,
-0.86,-2.51E-05,-25,0.000121545,8227.405488,,,,,,,,,,,
-0.84,-2.38E-05,-25,0.00011617,8608.074374,,,,,,,,,,,
-0.82,-2.24E-05,-25,0.000109588,9125.128322,,,,,,,,,,,
-0.8,-2.11E-05,-25,0.000103718,9641.574469,,,,,,,,,,,
-0.78,-1.98E-05,-25,9.82E-05,10187.70853,,,,,,,,,,,
-0.76,-1.86E-05,-25,9.19E-05,10885.24233,,,,,,,,,,,
-0.74,-1.73E-05,-25,8.54E-05,11705.14734,,,,,,,,,,,
-0.72,-1.61E-05,-25,7.95E-05,12584.55246,,,,,,,,,,,
-0.7,-1.50E-05,-25,7.40E-05,13520.36505,,,,,,,,,,,
-0.68,-1.38E-05,-25,6.81E-05,14694.53731,,,,,,,,,,,
-0.66,-1.28E-05,-25,6.19E-05,16146.87195,,,,,,,,,,,
-0.64,-1.17E-05,-25,5.63E-05,17747.17376,,,,,,,,,,,
-0.62,-1.07E-05,-25,5.12E-05,19517.62197,,,,,,,,,,,
-0.6,-9.74E-06,-25,4.60E-05,21743.26638,,,,,,,,,,,
-0.58,-8.81E-06,-25,4.07E-05,24568.21365,,,,,,,,,,,
-0.56,-7.94E-06,-25,3.60E-05,27816.02481,,,,,,,,,,,
-0.54,-7.10E-06,-25,3.17E-05,31541.51257,,,,,,,,,,,
-0.52,-6.31E-06,-25,2.75E-05,36361.98355,,,,,,,,,,,
-0.5,-5.57E-06,-25,2.35E-05,42559.53014,,,,,,,,,,,
-0.48,-4.89E-06,-25,2.00E-05,50051.30259,,,,,,,,,,,
-0.46,-4.25E-06,-25,1.69E-05,59131.36032,,,,,,,,,,,
-0.44,-3.66E-06,-25,1.41E-05,71139.18738,,,,,,,,,,,
-0.42,-3.13E-06,-25,1.15E-05,87149.00737,,,,,,,,,,,
-0.4,-2.65E-06,-25,9.24E-06,108179.4481,,,,,,,,,,,
-0.38,-2.21E-06,-25,7.42E-06,134858.5839,,,,,,,,,,,
-0.36,-1.83E-06,-25,5.83E-06,171424.4083,,,,,,,,,,,
-0.34,-1.49E-06,-25,4.49E-06,222693.5903,,,,,,,,,,,
-0.32,-1.20E-06,-25,3.42E-06,292776.4725,,,,,,,,,,,
-0.3,-9.47E-07,-25,2.57E-06,388753.3651,,,,,,,,,,,
-0.28,-7.36E-07,-25,1.89E-06,528862.6808,,,,,,,,,,,
-0.26,-5.61E-07,-25,1.36E-06,734227.8676,,,,,,,,,,,
-0.24,-4.19E-07,-25,9.68E-07,1032897.795,,,,,,,,,,,
-0.22,-3.04E-07,-25,6.79E-07,1472916.743,,,,,,,,,,,
-0.2,-2.14E-07,-25,4.65E-07,2149844.136,,,,,,,,,,,
-0.18,-1.44E-07,-25,3.12E-07,3200512.082,,,,,,,,,,,
-0.16,-9.13E-08,-25,2.09E-07,4791566.842,,,,,,,,,,,
-0.14,-5.16E-08,-25,1.39E-07,7216308.858,,,,,,,,,,,
-0.12,-2.25E-08,-25,8.90E-08,11242270.94,,,,,,,,,,,
-0.1,-1.67E-09,-25,5.58E-08,17937219.73,,,,,,,,,,,
-0.08,1.30E-09,-25,3.58E-08,27952480.78,,,,,,,,,,,
-0.06,2.35E-10,-25,2.36E-08,42417815.48,,,,,,,,,,,
-0.04,3.09E-10,-25,1.49E-08,67001675.04,,,,,,,,,,,
-0.02,3.61E-10,-25,8.50E-09,117647058.8,,,,,,,,,,,
0,-7.00E-12,-25,4.58E-09,218579235,,,,,,,,,,,
0.02,5.90E-11,-25,4.13E-09,242424242.4,,,,,,,,,,,
0.04,1.58E-10,-25,3.10E-09,322580645.2,,,,,,,,,,,
0.06,1.83E-10,-25,2.45E-09,408163265.3,,,,,,,,,,,
0.08,2.56E-10,-25,3.98E-09,251572327,,,,,,,,,,,
0.1,3.42E-10,-25,2.33E-09,430107526.9,,,,,,,,,,,
0.12,3.49E-10,-25,6.25E-10,1600000000,,,,,,,,,,,
0.14,3.67E-10,-25,1.05E-09,952380952.4,,,,,,,,,,,
0.16,3.91E-10,-25,2.35E-09,425531914.9,,,,,,,,,,,
0.18,4.61E-10,-25,2.23E-09,449438202.2,,,,,,,,,,,
0.2,4.80E-10,-25,1.93E-09,519480519.5,,,,,,,,,,,
0.22,5.38E-10,-25,2.05E-09,487804878,,,,,,,,,,,
0.24,5.62E-10,-25,2.28E-09,439560439.6,,,,,,,,,,,
0.26,6.29E-10,-25,2.08E-09,481927710.8,,,,,,,,,,,
0.28,6.45E-10,-25,2.15E-09,465116279.1,,,,,,,,,,,
0.3,7.15E-10,-25,3.13E-09,320000000,,,,,,,,,,,
0.32,7.70E-10,-25,2.55E-09,392156862.7,,,,,,,,,,,
0.34,8.17E-10,-25,3.38E-09,296296296.3,,,,,,,,,,,
0.36,9.05E-10,-25,2.55E-09,392156862.7,,,,,,,,,,,
0.38,9.19E-10,-25,1.45E-09,689655172.4,,,,,,,,,,,
0.4,9.63E-10,-25,1.43E-09,701754386,,,,,,,,,,,
0.42,9.76E-10,-25,2.38E-09,421052631.6,,,,,,,,,,,
0.44,1.06E-09,-25,3.78E-09,264900662.3,,,,,,,,,,,
0.46,1.13E-09,-25,3.33E-09,300751879.7,,,,,,,,,,,
0.48,1.19E-09,-25,3.40E-09,294117647.1,,,,,,,,,,,
0.5,1.26E-09,-25,2.80E-09,357142857.1,,,,,,,,,,,
0.52,1.30E-09,-25,2.58E-09,388349514.6,,,,,,,,,,,
0.54,1.37E-09,-25,3.78E-09,264900662.3,,,,,,,,,,,
0.56,1.45E-09,-25,7.65E-09,130718954.2,,,,,,,,,,,
0.58,1.67E-09,-25,3.78E-09,264900662.3,,,,,,,,,,,
0.6,1.61E-09,-25,1.50E-10,6666666667,,,,,,,,,,,
0.62,1.68E-09,-25,4.58E-09,218579235,,,,,,,,,,,
0.64,1.79E-09,-25,-9.95E-09,-100502512.6,,,,,,,,,,,
0.66,1.28E-09,-25,3.42E-09,291970802.9,,,,,,,,,,,
0.68,1.93E-09,-25,1.98E-08,50632911.39,,,,,,,,,,,
0.7,2.07E-09,-25,5.13E-09,195121951.2,,,,,,,,,,,
0.72,2.13E-09,-25,4.38E-09,228571428.6,,,,,,,,,,,
0.74,2.25E-09,-25,6.53E-09,153256705,,,,,,,,,,,
0.76,2.39E-09,-25,7.13E-09,140350877.2,,,,,,,,,,,
0.78,2.53E-09,-25,5.37E-09,186046511.6,,,,,,,,,,,
0.8,2.61E-09,-25,3.25E-09,307692307.7,,,,,,,,,,,
0.82,2.66E-09,-25,5.60E-09,178571428.6,,,,,,,,,,,
0.84,2.83E-09,-25,6.78E-09,147601476,,,,,,,,,,,
0.86,2.93E-09,-25,6.62E-09,150943396.2,,,,,,,,,,,
0.88,3.10E-09,-25,6.40E-09,156250000,,,,,,,,,,,
0.9,3.19E-09,-25,7.03E-09,142348754.4,,,,,,,,,,,
0.92,3.38E-09,-25,1.04E-08,96153846.15,,,,,,,,,,,
0.94,3.60E-09,-25,8.43E-09,118694362,,,,,,,,,,,
0.96,3.71E-09,-25,9.55E-09,104712041.9,,,,,,,,,,,
0.98,3.99E-09,-25,1.15E-08,86956521.74,,,,,,,,,,,
1,4.17E-09,-25,6.80E-09,147058823.5,,,,,,,,,,,
1.02,4.26E-09,-25,1.01E-08,99255583.13,,,,,,,,,,,
1.04,4.58E-09,-25,4.83E-09,207253886,,,,,,,,,,,
1.06,4.45E-09,-25,6.10E-09,163934426.2,,,,,,,,,,,
1.08,4.82E-09,-25,9.65E-09,103626943,,,,,,,,,,,
1.1,4.84E-09,-25,8.22E-09,121580547.1,,,,,,,,,,,
1.12,5.15E-09,-25,1.87E-08,53547523.43,,,,,,,,,,,
1.14,5.58E-09,-25,1.96E-08,51150895.14,,,,,,,,,,,
1.16,5.93E-09,-25,1.42E-08,70422535.21,,,,,,,,,,,
1.18,6.15E-09,-25,3.98E-09,251572327,,,,,,,,,,,
1.2,6.09E-09,-25,1.52E-08,66006600.66,,,,,,,,,,,
1.22,6.76E-09,-25,2.70E-08,37105751.39,,,,,,,,,,,
1.24,7.17E-09,-25,2.03E-08,49261083.74,,,,,,,,,,,
1.26,7.57E-09,-25,1.07E-08,93240093.24,,,,,,,,,,,
1.28,7.60E-09,-25,9.32E-09,107238605.9,,,,,,,,,,,
1.3,7.94E-09,-25,1.21E-08,82987551.87,,,,,,,,,,,
1.32,8.08E-09,-25,-3.37E-09,-296296296.3,,,,,,,,,,,
1.34,7.81E-09,-25,1.01E-08,99502487.56,,,,,,,,,,,
1.36,8.48E-09,-25,4.17E-08,23995200.96,,,,,,,,,,,
1.38,9.47E-09,-25,3.50E-08,28612303.29,,,,,,,,,,,
1.4,9.88E-09,-25,1.72E-08,58224163.03,,,,,,,,,,,
1.42,1.02E-08,-25,8.98E-09,111420612.8,,,,,,,,,,,
1.44,1.02E-08,-25,3.22E-08,31080031.08,,,,,,,,,,,
1.46,1.14E-08,-25,3.59E-08,27874564.46,,,,,,,,,,,
1.48,1.17E-08,-25,1.10E-09,909090909.1,,,,,,,,,,,
1.5,1.15E-08,-25,1.19E-08,84210526.32,,,,,,,,,,,
1.52,1.21E-08,-25,4.29E-08,23337222.87,,,,,,,,,,,
1.54,1.32E-08,-25,4.15E-08,24081878.39,,,,,,,,,,,
1.56,1.38E-08,-25,1.21E-08,82644628.1,,,,,,,,,,,
1.58,1.37E-08,-25,3.05E-09,327868852.5,,,,,,,,,,,
1.6,1.39E-08,-25,3.56E-08,28109627.55,,,,,,,,,,,
1.62,1.51E-08,-25,6.32E-08,15835312.75,,,,,,,,,,,
1.64,1.65E-08,-25,2.63E-08,38095238.1,,,,,,,,,,,
1.66,1.62E-08,-25,2.85E-08,35087719.3,,,,,,,,,,,
1.68,1.76E-08,-25,8.05E-09,124223602.5,,,,,,,,,,,
1.7,1.65E-08,-25,1.12E-08,89086859.69,,,,,,,,,,,
1.72,1.80E-08,-25,7.42E-08,13472549.68,,,,,,,,,,,
1.74,1.95E-08,-25,4.38E-08,22818026.24,,,,,,,,,,,
1.76,1.98E-08,-25,3.58E-08,27913468.25,,,,,,,,,,,
1.78,2.09E-08,-25,4.49E-08,22259321.09,,,,,,,,,,,
1.8,2.16E-08,-25,1.58E-08,63492063.49,,,,,,,,,,,
1.82,2.15E-08,-25,2.07E-08,48250904.7,,,,,,,,,,,
1.84,2.24E-08,-25,4.69E-08,21333333.33,,,,,,,,,,,
1.86,2.34E-08,-25,3.69E-08,27118644.07,,,,,,,,,,,
1.88,2.39E-08,-25,-7.60E-09,-131578947.4,,,,,,,,,,,
1.9,2.31E-08,-25,1.83E-09,547945205.5,,,,,,,,,,,
1.92,2.40E-08,-25,6.53E-08,15313935.68,,,,,,,,,,,
1.94,2.57E-08,-25,4.62E-08,21633315.31,,,,,,,,,,,
1.96,2.58E-08,-25,2.90E-08,34542314.34,,,,,,,,,,,
1.98,2.69E-08,-25,4.61E-08,21691973.97,,,,,,,,,,,
2,2.77E-08,-25,6.38E-08,15667841.75,,,,,,,,,,,
2.02,2.94E-08,-25,7.33E-08,13637913.4,,,,,,,,,,,
2.04,3.06E-08,-25,2.03E-08,49321824.91,,,,,,,,,,,
2.06,3.02E-08,-25,1.73E-08,57803468.21,,,,,,,,,,,
2.08,3.13E-08,-25,8.31E-08,12040939.19,,,,,,,,,,,
2.1,3.35E-08,-25,6.73E-08,14853323.43,,,,,,,,,,,
2.12,3.40E-08,-25,5.45E-09,183486238.5,,,,,,,,,,,
2.14,3.38E-08,-25,3.50E-08,28530670.47,,,,,,,,,,,
2.16,3.54E-08,-25,1.29E-07,7782101.167,,,,,,,,,,,
2.18,3.89E-08,-25,9.47E-08,10565240.36,,,,,,,,,,,
2.2,3.92E-08,-25,-1.84E-08,-54347826.09,,,,,,,,,,,
2.22,3.82E-08,-25,3.98E-08,25125628.14,,,,,,,,,,,
2.24,4.08E-08,-25,1.15E-07,8695652.174,,,,,,,,,,,
2.26,4.28E-08,-25,5.45E-08,18331805.68,,,,,,,,,,,
2.28,4.29E-08,-25,1.32E-08,75757575.76,,,,,,,,,,,
2.3,4.33E-08,-25,8.53E-08,11723329.43,,,,,,,,,,,
2.32,4.64E-08,-25,8.97E-08,11151379.98,,,,,,,,,,,
2.34,4.69E-08,-25,4.42E-08,22611645,,,,,,,,,,,
2.36,4.81E-08,-25,8.39E-08,11922503.73,,,,,,,,,,,
2.38,5.02E-08,-25,4.12E-08,24271844.66,,,,,,,,,,,
2.4,4.98E-08,-25,3.57E-08,28030833.92,,,,,,,,,,,
2.42,5.17E-08,-25,8.55E-08,11692487.58,,,,,,,,,,,
2.44,5.32E-08,-25,1.84E-07,5423728.814,,,,,,,,,,,
2.46,5.90E-08,-25,8.89E-08,11242270.94,,,,,,,,,,,
2.48,5.68E-08,-25,-2.89E-08,-34542314.34,,,,,,,,,,,
2.5,5.79E-08,-25,1.56E-08,64205457.46,,,,,,,,,,,
2.52,5.74E-08,-25,3.65E-08,27397260.27,,,,,,,,,,,
2.54,5.93E-08,-25,7.24E-08,13816925.73,,,,,,,,,,,
2.56,6.03E-08,-25,1.29E-07,7774538.387,,,,,,,,,,,
2.58,6.45E-08,-25,1.22E-07,8228759.515,,,,,,,,,,,
2.6,6.51E-08,-25,2.82E-08,35523978.69,,,,,,,,,,,
2.62,6.56E-08,-25,7.48E-08,13368983.96,,,,,,,,,,,
2.64,6.81E-08,-25,7.17E-08,13942140.12,,,,,,,,,,,
2.66,6.85E-08,-25,7.44E-08,13440860.22,,,,,,,,,,,
2.68,7.11E-08,-25,4.80E-08,20844189.68,,,,,,,,,,,
2.7,7.04E-08,-25,5.44E-08,18399264.03,,,,,,,,,,,
2.72,7.33E-08,-25,1.31E-07,7616146.23,,,,,,,,,,,
2.74,7.57E-08,-25,7.34E-08,13628620.1,,,,,,,,,,,
2.76,7.62E-08,-25,1.39E-07,7187780.773,,,,,,,,,,,
2.78,8.12E-08,-25,1.34E-07,7486430.844,,,,,,,,,,,
2.8,8.16E-08,-25,2.33E-08,43010752.69,,,,,,,,,,,
2.82,8.21E-08,-25,2.41E-07,4141215.447,,,,,,,,,,,
2.84,9.12E-08,-25,2.00E-07,5005005.005,,,,,,,,,,,
2.86,9.01E-08,-25,-1.00E-07,-9987515.605,,,,,,,,,,,
2.88,8.72E-08,-25,5.50E-09,181818181.8,,,,,,,,,,,
2.9,9.04E-08,-25,9.30E-08,10749798.44,,,,,,,,,,,
2.92,9.09E-08,-25,1.11E-07,8988764.045,,,,,,,,,,,
2.94,9.48E-08,-25,1.24E-07,8093889.114,,,,,,,,,,,
2.96,9.59E-08,-25,7.14E-08,14010507.88,,,,,,,,,,,
2.98,9.77E-08,-25,1.79E-07,5579578.742,,,,,,,,,,,
3,1.03E-07,-25,2.69E-07,3720238.095,,,,,,,,,,,
-3,-0.000227697,-50,0.0003455,2894.356006,,,,,,,,,,,
-2.98,-0.000225719,-50,0.000364475,2743.672406,,,,,,,,,,,
-2.96,-0.000223671,-50,0.00039565,2527.486415,,,,,,,,,,,
-2.94,-0.00022157,-50,0.00041185,2428.068472,,,,,,,,,,,
-2.92,-0.000219471,-50,0.00041965,2382.938163,,,,,,,,,,,
-2.9,-0.000217381,-50,0.0004275,2339.181287,,,,,,,,,,,
-2.88,-0.000215263,-50,0.000430725,2321.666957,,,,,,,,,,,
-2.86,-0.00021317,-50,0.000433275,2308.003,,,,,,,,,,,
-2.84,-0.000211039,-50,0.000439825,2273.631558,,,,,,,,,,,
-2.82,-0.000208924,-50,0.00043915,2277.126267,,,,,,,,,,,
-2.8,-0.000206824,-50,0.000439725,2274.148616,,,,,,,,,,,
-2.78,-0.000204707,-50,0.0004439,2252.759631,,,,,,,,,,,
-2.76,-0.000202587,-50,0.00044165,2264.236386,,,,,,,,,,,
-2.74,-0.000200497,-50,0.000442175,2261.54803,,,,,,,,,,,
-2.72,-0.000198386,-50,0.000444575,2249.339257,,,,,,,,,,,
-2.7,-0.000196283,-50,0.000443375,2255.427122,,,,,,,,,,,
-2.68,-0.000194183,-50,0.00044375,2253.521127,,,,,,,,,,,
-2.66,-0.000192076,-50,0.000444425,2250.098442,,,,,,,,,,,
-2.64,-0.000189976,-50,0.000442525,2259.759336,,,,,,,,,,,
-2.62,-0.00018789,-50,0.0004418,2263.467632,,,,,,,,,,,
-2.6,-0.000185788,-50,0.000442525,2259.759336,,,,,,,,,,,
-2.58,-0.000183683,-50,0.00044045,2270.405267,,,,,,,,,,,
-2.56,-0.000181599,-50,0.0004401,2272.210861,,,,,,,,,,,
-2.54,-0.000179509,-50,0.0004407,2269.117313,,,,,,,,,,,
-2.52,-0.000177419,-50,0.000436325,2291.869593,,,,,,,,,,,
-2.5,-0.00017535,-50,0.0004354,2296.738631,,,,,,,,,,,
-2.48,-0.000173269,-50,0.0004357,2295.157218,,,,,,,,,,,
-2.46,-0.000171191,-50,0.0004325,2312.138728,,,,,,,,,,,
-2.44,-0.00016913,-50,0.0004317,2316.423442,,,,,,,,,,,
-2.42,-0.000167063,-50,0.00043265,2311.337109,,,,,,,,,,,
-2.4,-0.000164993,-50,0.000430525,2322.745485,,,,,,,,,,,
-2.38,-0.000162944,-50,0.00042735,2340.00234,,,,,,,,,,,
-2.36,-0.000160879,-50,0.00042715,2341.097975,,,,,,,,,,,
-2.34,-0.000158821,-50,0.0004236,2360.717658,,,,,,,,,,,
-2.32,-0.000156783,-50,0.00042075,2376.708259,,,,,,,,,,,
-2.3,-0.000154734,-50,0.0004226,2366.303833,,,,,,,,,,,
-2.28,-0.000152687,-50,0.000421275,2373.746365,,,,,,,,,,,
-2.26,-0.000150643,-50,0.00041825,2390.914525,,,,,,,,,,,
-2.24,-0.000148603,-50,0.00041325,2419.84271,,,,,,,,,,,
-2.22,-0.000146584,-50,0.000411825,2428.215868,,,,,,,,,,,
-2.2,-0.000144551,-50,0.00041325,2419.84271,,,,,,,,,,,
-2.18,-0.000142526,-50,0.00041095,2433.386057,,,,,,,,,,,
-2.16,-0.000140496,-50,0.000407025,2456.851545,,,,,,,,,,,
-2.14,-0.000138497,-50,0.00040455,2471.882338,,,,,,,,,,,
-2.12,-0.000136482,-50,0.000402725,2483.08399,,,,,,,,,,,
-2.1,-0.000134469,-50,0.0004009,2494.387628,,,,,,,,,,,
-2.08,-0.000132461,-50,0.000400325,2497.970399,,,,,,,,,,,
-2.06,-0.00013046,-50,0.000395175,2530.524451,,,,,,,,,,,
-2.04,-0.000128481,-50,0.000392375,2548.582351,,,,,,,,,,,
-2.02,-0.000126484,-50,0.000392075,2550.532424,,,,,,,,,,,
-2,-0.000124504,-50,0.000390125,2563.281,,,,,,,,,,,
-1.98,-0.00012252,-50,0.0003856,2593.360996,,,,,,,,,,,
-1.96,-0.000120567,-50,0.000382025,2617.629736,,,,,,,,,,,
-1.94,-0.000118594,-50,0.000382175,2616.602342,,,,,,,,,,,
-1.92,-0.000116621,-50,0.000379675,2633.831566,,,,,,,,,,,
-1.9,-0.000114663,-50,0.000376775,2654.103908,,,,,,,,,,,
-1.88,-0.000112707,-50,0.0003726,2683.843264,,,,,,,,,,,
-1.86,-0.000110775,-50,0.00036925,2708.192282,,,,,,,,,,,
-1.84,-0.000108828,-50,0.000367975,2717.575922,,,,,,,,,,,
-1.82,-0.000106888,-50,0.000365525,2735.790986,,,,,,,,,,,
-1.8,-0.000104951,-50,0.00036065,2772.771385,,,,,,,,,,,
-1.78,-0.000103045,-50,0.000357675,2795.834207,,,,,,,,,,,
-1.76,-0.000101121,-50,0.00035605,2808.594299,,,,,,,,,,,
-1.74,-9.92102E-05,-50,0.000353375,2829.85497,,,,,,,,,,,
-1.72,-9.73034E-05,-50,0.000348,2873.563218,,,,,,,,,,,
-1.7,-9.54088E-05,-50,0.000344225,2905.076621,,,,,,,,,,,
-1.68,-9.3516E-05,-50,0.0003435,2911.208151,,,,,,,,,,,
-1.66,-9.15831E-05,-50,0.0003395,2945.5081,,,,,,,,,,,
-1.64,-8.97001E-05,-50,0.000335675,2979.072019,,,,,,,,,,,
-1.62,-8.78233E-05,-50,0.000331225,3019.095781,,,,,,,,,,,
-1.6,-8.59715E-05,-50,0.00032755,3052.969012,,,,,,,,,,,
-1.58,-8.41084E-05,-50,0.00032465,3080.240259,,,,,,,,,,,
-1.56,-8.22511E-05,-50,0.00031985,3126.465531,,,,,,,,,,,
-1.54,-8.04197E-05,-50,0.0003164,3160.556258,,,,,,,,,,,
-1.52,-7.85797E-05,-50,0.00031345,3190.301483,,,,,,,,,,,
-1.5,-7.67456E-05,-50,0.00030805,3246.226262,,,,,,,,,,,
-1.48,-7.4939E-05,-50,0.000303925,3290.285432,,,,,,,,,,,
-1.46,-7.31248E-05,-50,0.000300575,3326.956666,,,,,,,,,,,
-1.44,-7.132E-05,-50,0.0002948,3392.130258,,,,,,,,,,,
-1.42,-6.9535E-05,-50,0.000290925,3437.312022,,,,,,,,,,,
-1.4,-6.77533E-05,-50,0.000287675,3476.144955,,,,,,,,,,,
-1.38,-6.59782E-05,-50,0.00028145,3553.028957,,,,,,,,,,,
-1.36,-6.42258E-05,-50,0.000276675,3614.348965,,,,,,,,,,,
-1.34,-6.2465E-05,-50,0.000273025,3662.668254,,,,,,,,,,,
-1.32,-6.07217E-05,-50,0.000266875,3747.0726,,,,,,,,,,,
-1.3,-5.90034E-05,-50,0.00026165,3821.899484,,,,,,,,,,,
-1.28,-5.72766E-05,-50,0.00025765,3881.234232,,,,,,,,,,,
-1.26,-5.55678E-05,-50,0.000252858,3954.796674,,,,,,,,,,,
-1.24,-5.39E-05,-50,0.000247253,4044.448489,,,,,,,,,,,
-1.22,-5.22E-05,-50,0.000240003,4166.623264,,,,,,,,,,,
-1.2,-5.05E-05,-50,0.000234403,4266.166103,,,,,,,,,,,
-1.18,-4.89E-05,-50,0.000229405,4359.102897,,,,,,,,,,,
-1.16,-4.72E-05,-50,0.000222475,4494.887066,,,,,,,,,,,
-1.14,-4.56E-05,-50,0.000216943,4609.516346,,,,,,,,,,,
-1.12,-4.40E-05,-50,0.000211895,4719.31853,,,,,,,,,,,
-1.1,-4.24E-05,-50,0.000204458,4890.992015,,,,,,,,,,,
-1.08,-4.08E-05,-50,0.000197915,5052.674128,,,,,,,,,,,
-1.06,-3.92E-05,-50,0.000192565,5193.051697,,,,,,,,,,,
-1.04,-3.77E-05,-50,0.000184975,5406.135964,,,,,,,,,,,
-1.02,-3.62E-05,-50,0.000178075,5615.6114,,,,,,,,,,,
-1,-3.46E-05,-50,0.000172293,5804.083173,,,,,,,,,,,
-0.98,-3.31E-05,-50,0.00016476,6069.434329,,,,,,,,,,,
-0.96,-3.17E-05,-50,0.000157695,6341.355148,,,,,,,,,,,
-0.94,-3.02E-05,-50,0.000151358,6606.874453,,,,,,,,,,,
-0.92,-2.88E-05,-50,0.000143575,6965.000871,,,,,,,,,,,
-0.9,-2.74E-05,-50,0.000136285,7337.564662,,,,,,,,,,,
-0.88,-2.60E-05,-50,0.000129183,7740.986589,,,,,,,,,,,
-0.86,-2.46E-05,-50,0.00012192,8202.099738,,,,,,,,,,,
-0.84,-2.33E-05,-50,0.00011515,8684.324794,,,,,,,,,,,
-0.82,-2.19E-05,-50,0.00010746,9305.7882,,,,,,,,,,,
-0.8,-2.07E-05,-50,0.00010026,9974.067425,,,,,,,,,,,
-0.78,-1.94E-05,-50,9.36E-05,10689.18522,,,,,,,,,,,
-0.76,-1.82E-05,-50,8.64E-05,11568.04905,,,,,,,,,,,
-0.74,-1.69E-05,-50,7.91E-05,12634.63786,,,,,,,,,,,
-0.72,-1.58E-05,-50,7.25E-05,13797.24262,,,,,,,,,,,
-0.7,-1.47E-05,-50,6.63E-05,15075.85037,,,,,,,,,,,
-0.68,-1.35E-05,-50,5.99E-05,16689.68452,,,,,,,,,,,
-0.66,-1.25E-05,-50,5.36E-05,18667.51293,,,,,,,,,,,
-0.64,-1.15E-05,-50,4.78E-05,20921.92461,,,,,,,,,,,
-0.62,-1.05E-05,-50,4.26E-05,23484.65278,,,,,,,,,,,
-0.6,-9.52E-06,-50,3.74E-05,26745.29784,,,,,,,,,,,
-0.58,-8.61E-06,-50,3.24E-05,30893.99498,,,,,,,,,,,
-0.56,-7.76E-06,-50,2.79E-05,35855.78802,,,,,,,,,,,
-0.54,-6.94E-06,-50,2.40E-05,41753.65344,,,,,,,,,,,
-0.52,-6.17E-06,-50,2.03E-05,49377.83923,,,,,,,,,,,
-0.5,-5.44E-06,-50,1.69E-05,59321.65685,,,,,,,,,,,
-0.48,-4.78E-06,-50,1.39E-05,71731.12306,,,,,,,,,,,
-0.46,-4.15E-06,-50,1.14E-05,87483.70616,,,,,,,,,,,
-0.44,-3.57E-06,-50,9.17E-06,109017.9662,,,,,,,,,,,
-0.42,-3.05E-06,-50,7.25E-06,137877.3099,,,,,,,,,,,
-0.4,-2.58E-06,-50,5.66E-06,176794.0173,,,,,,,,,,,
-0.38,-2.15E-06,-50,4.38E-06,228051.4712,,,,,,,,,,,
-0.36,-1.78E-06,-50,3.34E-06,299778.1642,,,,,,,,,,,
-0.34,-1.44E-06,-50,2.48E-06,402771.0649,,,,,,,,,,,
-0.32,-1.16E-06,-50,1.83E-06,546395.8365,,,,,,,,,,,
-0.3,-9.15E-07,-50,1.34E-06,748055.0569,,,,,,,,,,,
-0.28,-7.07E-07,-50,9.56E-07,1046052.46,,,,,,,,,,,
-0.26,-5.36E-07,-50,6.71E-07,1489480.544,,,,,,,,,,,
-0.24,-3.97E-07,-50,4.65E-07,2149844.136,,,,,,,,,,,
-0.22,-2.85E-07,-50,3.22E-07,3106313.582,,,,,,,,,,,
-0.2,-1.96E-07,-50,2.18E-07,4594532.506,,,,,,,,,,,
-0.18,-1.27E-07,-50,1.44E-07,6922810.661,,,,,,,,,,,
-0.16,-7.51E-08,-50,9.61E-08,10411244.14,,,,,,,,,,,
-0.14,-3.59E-08,-50,6.34E-08,15785319.65,,,,,,,,,,,
-0.12,-7.09E-09,-50,4.07E-08,24554941.68,,,,,,,,,,,
-0.1,1.36E-09,-50,2.52E-08,39643211.1,,,,,,,,,,,
-0.08,2.83E-09,-50,1.65E-08,60698027.31,,,,,,,,,,,
-0.06,7.88E-10,-50,1.14E-08,87527352.3,,,,,,,,,,,
-0.04,4.65E-10,-50,6.98E-09,143369175.6,,,,,,,,,,,
-0.02,5.18E-10,-50,4.30E-09,232558139.5,,,,,,,,,,,
0,-4.00E-12,-50,2.20E-09,454545454.5,,,,,,,,,,,
0.02,2.90E-11,-50,1.80E-09,555555555.6,,,,,,,,,,,
0.04,6.80E-11,-50,2.38E-09,421052631.6,,,,,,,,,,,
0.06,1.24E-10,-50,1.38E-09,727272727.3,,,,,,,,,,,
0.08,1.23E-10,-50,7.50E-11,13333333333,,,,,,,,,,,
0.1,1.27E-10,-50,1.53E-09,655737704.9,,,,,,,,,,,
0.12,1.84E-10,-50,1.53E-09,655737704.9,,,,,,,,,,,
0.14,1.88E-10,-50,4.00E-10,2500000000,,,,,,,,,,,
0.16,2.00E-10,-50,8.25E-10,1212121212,,,,,,,,,,,
0.18,2.21E-10,-50,8.75E-10,1142857143,,,,,,,,,,,
0.2,2.35E-10,-50,1.03E-09,975609756.1,,,,,,,,,,,
0.22,2.62E-10,-50,1.98E-09,506329113.9,,,,,,,,,,,
0.24,3.14E-10,-50,8.00E-10,1250000000,,,,,,,,,,,
0.26,2.94E-10,-50,-2.50E-11,-40000000000,,,,,,,,,,,
0.28,3.13E-10,-50,1.80E-09,555555555.6,,,,,,,,,,,
0.3,3.66E-10,-50,1.23E-09,816326530.6,,,,,,,,,,,
0.32,3.62E-10,-50,1.50E-10,6666666667,,,,,,,,,,,
0.34,3.72E-10,-50,1.75E-09,571428571.4,,,,,,,,,,,
0.36,4.32E-10,-50,1.88E-09,533333333.3,,,,,,,,,,,
0.38,4.47E-10,-50,1.50E-09,666666666.7,,,,,,,,,,,
0.4,4.92E-10,-50,1.68E-09,597014925.4,,,,,,,,,,,
0.42,5.14E-10,-50,1.18E-09,851063829.8,,,,,,,,,,,
0.44,5.39E-10,-50,1.28E-09,784313725.5,,,,,,,,,,,
0.46,5.65E-10,-50,1.28E-09,784313725.5,,,,,,,,,,,
0.48,5.90E-10,-50,1.85E-09,540540540.5,,,,,,,,,,,
0.5,6.39E-10,-50,2.15E-09,465116279.1,,,,,,,,,,,
0.52,6.76E-10,-50,1.60E-09,625000000,,,,,,,,,,,
0.54,7.03E-10,-50,1.43E-09,701754386,,,,,,,,,,,
0.56,7.33E-10,-50,1.70E-09,588235294.1,,,,,,,,,,,
0.58,7.71E-10,-50,1.55E-09,645161290.3,,,,,,,,,,,
0.6,7.95E-10,-50,1.60E-09,625000000,,,,,,,,,,,
0.62,8.35E-10,-50,2.53E-09,396039604,,,,,,,,,,,
0.64,8.96E-10,-50,2.35E-09,425531914.9,,,,,,,,,,,
0.66,9.29E-10,-50,2.80E-09,357142857.1,,,,,,,,,,,
0.68,1.01E-09,-50,4.20E-09,238095238.1,,,,,,,,,,,
0.7,1.10E-09,-50,4.33E-09,231213872.8,,,,,,,,,,,
0.72,1.18E-09,-50,4.08E-09,245398773,,,,,,,,,,,
0.74,1.26E-09,-50,3.00E-09,333333333.3,,,,,,,,,,,
0.76,1.30E-09,-50,4.35E-09,229885057.5,,,,,,,,,,,
0.78,1.43E-09,-50,5.85E-09,170940170.9,,,,,,,,,,,
0.8,1.54E-09,-50,4.72E-09,211640211.6,,,,,,,,,,,
0.82,1.62E-09,-50,6.65E-09,150375939.8,,,,,,,,,,,
0.84,1.80E-09,-50,7.75E-10,1290322581,,,,,,,,,,,
0.86,1.65E-09,-50,3.12E-09,320000000,,,,,,,,,,,
0.88,1.93E-09,-50,6.33E-09,158102766.8,,,,,,,,,,,
0.9,1.91E-09,-50,-7.75E-10,-1290322581,,,,,,,,,,,
0.92,1.90E-09,-50,5.32E-09,187793427.2,,,,,,,,,,,
0.94,2.12E-09,-50,6.33E-09,158102766.8,,,,,,,,,,,
0.96,2.15E-09,-50,3.18E-09,314960629.9,,,,,,,,,,,
0.98,2.25E-09,-50,1.04E-08,96618357.49,,,,,,,,,,,
1,2.56E-09,-50,9.75E-09,102564102.6,,,,,,,,,,,
1.02,2.64E-09,-50,3.50E-09,285714285.7,,,,,,,,,,,
1.04,2.70E-09,-50,1.06E-08,94339622.64,,,,,,,,,,,
1.06,3.06E-09,-50,3.10E-09,322580645.2,,,,,,,,,,,
1.08,2.83E-09,-50,-1.63E-09,-615384615.4,,,,,,,,,,,
1.1,3.00E-09,-50,5.37E-09,186046511.6,,,,,,,,,,,
1.12,3.04E-09,-50,1.58E-08,63191153.24,,,,,,,,,,,
1.14,3.63E-09,-50,1.56E-08,64308681.67,,,,,,,,,,,
1.16,3.66E-09,-50,2.73E-09,366972477.1,,,,,,,,,,,
1.18,3.74E-09,-50,1.35E-08,73937153.42,,,,,,,,,,,
1.2,4.20E-09,-50,1.66E-08,60150375.94,,,,,,,,,,,
1.22,4.40E-09,-50,9.77E-09,102301790.3,,,,,,,,,,,
1.24,4.60E-09,-50,7.55E-09,132450331.1,,,,,,,,,,,
1.26,4.71E-09,-50,5.50E-09,181818181.8,,,,,,,,,,,
1.28,4.82E-09,-50,2.73E-09,366972477.1,,,,,,,,,,,
1.3,4.81E-09,-50,7.03E-09,142348754.4,,,,,,,,,,,
1.32,5.10E-09,-50,1.51E-08,66445182.72,,,,,,,,,,,
1.34,5.42E-09,-50,1.37E-08,73126142.6,,,,,,,,,,,
1.36,5.64E-09,-50,2.94E-08,33984706.88,,,,,,,,,,,
1.38,6.59E-09,-50,3.38E-08,29563932,,,,,,,,,,,
1.4,7.00E-09,-50,1.70E-08,58737151.25,,,,,,,,,,,
1.42,7.27E-09,-50,1.20E-08,83682008.37,,,,,,,,,,,
1.44,7.47E-09,-50,1.63E-08,61538461.54,,,,,,,,,,,
1.46,7.92E-09,-50,1.40E-08,71301247.77,,,,,,,,,,,
1.48,8.04E-09,-50,3.40E-08,29455081,,,,,,,,,,,
1.5,9.28E-09,-50,3.14E-08,31872509.96,,,,,,,,,,,
1.52,9.29E-09,-50,1.30E-08,76775431.86,,,,,,,,,,,
1.54,9.80E-09,-50,2.78E-08,35971223.02,,,,,,,,,,,
1.56,1.04E-08,-50,2.42E-08,41407867.49,,,,,,,,,,,
1.58,1.08E-08,-50,1.88E-08,53333333.33,,,,,,,,,,,
1.6,1.12E-08,-50,2.65E-08,37735849.06,,,,,,,,,,,
1.62,1.18E-08,-50,8.90E-09,112359550.6,,,,,,,,,,,
1.64,1.15E-08,-50,7.93E-09,126182965.3,,,,,,,,,,,
1.66,1.21E-08,-50,2.72E-08,36832412.52,,,,,,,,,,,
1.68,1.26E-08,-50,-4.35E-09,-229885057.5,,,,,,,,,,,
1.7,1.20E-08,-50,2.97E-09,336134453.8,,,,,,,,,,,
1.72,1.27E-08,-50,2.50E-08,40000000,,,,,,,,,,,
1.74,1.30E-08,-50,2.29E-08,43763676.15,,,,,,,,,,,
1.76,1.36E-08,-50,3.12E-08,32102728.73,,,,,,,,,,,
1.78,1.42E-08,-50,2.55E-08,39254170.76,,,,,,,,,,,
1.8,1.46E-08,-50,2.42E-08,41365046.54,,,,,,,,,,,
1.82,1.52E-08,-50,2.42E-08,41365046.54,,,,,,,,,,,
1.84,1.56E-08,-50,2.56E-08,39100684.26,,,,,,,,,,,
1.86,1.62E-08,-50,2.54E-08,39370078.74,,,,,,,,,,,
1.88,1.66E-08,-50,1.92E-08,52219321.15,,,,,,,,,,,
1.9,1.70E-08,-50,-1.76E-08,-56980056.98,,,,,,,,,,,
1.92,1.59E-08,-50,-2.30E-08,-43431053.2,,,,,,,,,,,
1.94,1.61E-08,-50,5.34E-08,18735363,,,,,,,,,,,
1.96,1.81E-08,-50,5.15E-08,19408054.34,,,,,,,,,,,
1.98,1.81E-08,-50,1.25E-08,80321285.14,,,,,,,,,,,
2,1.86E-08,-50,6.21E-08,16096579.48,,,,,,,,,,,
2.02,2.06E-08,-50,3.66E-08,27303754.27,,,,,,,,,,,
2.04,2.00E-08,-50,7.09E-08,14104372.36,,,,,,,,,,,
2.06,2.34E-08,-50,8.13E-08,12300123,,,,,,,,,,,
2.08,2.33E-08,-50,-5.10E-09,-196078431.4,,,,,,,,,,,
2.1,2.32E-08,-50,5.99E-08,16687526.07,,,,,,,,,,,
2.12,2.57E-08,-50,7.95E-08,12578616.35,,,,,,,,,,,
2.14,2.64E-08,-50,-1.41E-08,-71174377.22,,,,,,,,,,,
2.16,2.51E-08,-50,-7.00E-10,-1428571429,,,,,,,,,,,
2.18,2.64E-08,-50,1.17E-07,8580008.58,,,,,,,,,,,
2.2,2.98E-08,-50,1.39E-07,7202016.565,,,,,,,,,,,
2.22,3.19E-08,-50,7.61E-08,13136289,,,,,,,,,,,
2.24,3.28E-08,-50,2.10E-08,47675804.53,,,,,,,,,,,
2.26,3.28E-08,-50,3.25E-08,30769230.77,,,,,,,,,,,
2.28,3.41E-08,-50,8.84E-08,11305822.5,,,,,,,,,,,
2.3,3.63E-08,-50,9.31E-08,10746910.26,,,,,,,,,,,
2.32,3.78E-08,-50,8.75E-08,11435105.77,,,,,,,,,,,
2.34,3.98E-08,-50,9.12E-08,10961907.37,,,,,,,,,,,
2.36,4.15E-08,-50,2.93E-08,34158838.6,,,,,,,,,,,
2.38,4.10E-08,-50,-4.02E-08,-24875621.89,,,,,,,,,,,
2.4,3.99E-08,-50,1.89E-08,52980132.45,,,,,,,,,,,
2.42,4.17E-08,-50,1.05E-07,9541984.733,,,,,,,,,,,
2.44,4.41E-08,-50,5.39E-08,18535681.19,,,,,,,,,,,
2.46,4.39E-08,-50,4.46E-08,22421524.66,,,,,,,,,,,
2.48,4.59E-08,-50,9.39E-08,10646792.65,,,,,,,,,,,
2.5,4.77E-08,-50,1.29E-07,7736943.907,,,,,,,,,,,
2.52,5.10E-08,-50,1.08E-07,9252833.68,,,,,,,,,,,
2.54,5.20E-08,-50,-7.93E-09,-126182965.3,,,,,,,,,,,
2.56,5.07E-08,-50,-1.63E-08,-61255742.73,,,,,,,,,,,
2.58,5.13E-08,-50,6.16E-08,16233766.23,,,,,,,,,,,
2.6,5.32E-08,-50,6.63E-08,15077271.01,,,,,,,,,,,
2.62,5.40E-08,-50,5.67E-08,17636684.3,,,,,,,,,,,
2.64,5.54E-08,-50,2.59E-08,38684719.54,,,,,,,,,,,
2.66,5.50E-08,-50,5.86E-08,17050298.38,,,,,,,,,,,
2.68,5.78E-08,-50,1.01E-07,9945300.845,,,,,,,,,,,
2.7,5.90E-08,-50,8.78E-08,11389521.64,,,,,,,,,,,
2.72,6.13E-08,-50,1.42E-07,7043493.573,,,,,,,,,,,
2.74,6.47E-08,-50,1.21E-07,8240626.288,,,,,,,,,,,
2.76,6.62E-08,-50,4.94E-08,20232675.77,,,,,,,,,,,
2.78,6.67E-08,-50,8.31E-08,12033694.34,,,,,,,,,,,
2.8,6.95E-08,-50,1.10E-07,9053870.53,,,,,,,,,,,
2.82,7.11E-08,-50,1.30E-07,7667241.71,,,,,,,,,,,
2.84,7.47E-08,-50,5.97E-08,16757436.11,,,,,,,,,,,
2.86,7.35E-08,-50,3.37E-08,29717682.02,,,,,,,,,,,
2.88,7.60E-08,-50,9.77E-08,10235414.53,,,,,,,,,,,
2.9,7.74E-08,-50,7.76E-08,12882447.67,,,,,,,,,,,
2.92,7.91E-08,-50,1.05E-07,9532888.465,,,,,,,,,,,
2.94,8.16E-08,-50,1.27E-07,7872466.05,,,,,,,,,,,
2.96,8.42E-08,-50,7.44E-08,13440860.22,,,,,,,,,,,
2.98,8.46E-08,-50,5.63E-08,17746228.93,,,,,,,,,,,
3,8.65E-08,-50,9.54E-08,10476689.37,,,,,,,,,,,
-3,-0.000220352,-75,0.00029765,3359.650596,,,,,,,,,,,
-2.98,-0.000218438,-75,0.0003351,2984.183826,,,,,,,,,,,
-2.96,-0.000216456,-75,0.00039335,2542.265158,,,,,,,,,,,
-2.94,-0.000214423,-75,0.0004253,2351.281448,,,,,,,,,,,
-2.92,-0.000212391,-75,0.000445075,2246.812335,,,,,,,,,,,
-2.9,-0.000210369,-75,0.000458375,2181.619853,,,,,,,,,,,
-2.88,-0.000208318,-75,0.000465175,2149.728597,,,,,,,,,,,
-2.86,-0.000206293,-75,0.00047235,2117.074203,,,,,,,,,,,
-2.84,-0.00020423,-75,0.000479775,2084.310354,,,,,,,,,,,
-2.82,-0.000202184,-75,0.000481,2079.002079,,,,,,,,,,,
-2.8,-0.000200151,-75,0.0004835,2068.252327,,,,,,,,,,,
-2.78,-0.000198103,-75,0.000489275,2043.840376,,,,,,,,,,,
-2.76,-0.000196052,-75,0.0004871,2052.966537,,,,,,,,,,,
-2.74,-0.000194029,-75,0.000485825,2058.354346,,,,,,,,,,,
-2.72,-0.000191986,-75,0.00048995,2041.024594,,,,,,,,,,,
-2.7,-0.00018995,-75,0.000488325,2047.816516,,,,,,,,,,,
-2.68,-0.000187919,-75,0.0004872,2052.545156,,,,,,,,,,,
-2.66,-0.000185879,-75,0.000488225,2048.235957,,,,,,,,,,,
-2.64,-0.000183847,-75,0.000485125,2061.324401,,,,,,,,,,,
-2.62,-0.000181828,-75,0.00048405,2065.902283,,,,,,,,,,,
-2.6,-0.000179794,-75,0.000484825,2062.599907,,,,,,,,,,,
-2.58,-0.000177757,-75,0.000482675,2071.787435,,,,,,,,,,,
-2.56,-0.00017574,-75,0.00048195,2074.904036,,,,,,,,,,,
-2.54,-0.000173718,-75,0.0004811,2078.569944,,,,,,,,,,,
-2.52,-0.000171695,-75,0.0004769,2096.875655,,,,,,,,,,,
-2.5,-0.000169692,-75,0.0004757,2102.16523,,,,,,,,,,,
-2.48,-0.000167679,-75,0.000477425,2094.569828,,,,,,,,,,,
-2.46,-0.000165667,-75,0.0004729,2114.611969,,,,,,,,,,,
-2.44,-0.000163673,-75,0.0004702,2126.754573,,,,,,,,,,,
-2.42,-0.000161673,-75,0.000470825,2123.931397,,,,,,,,,,,
-2.4,-0.000159669,-75,0.0004665,2143.622722,,,,,,,,,,,
-2.38,-0.000157686,-75,0.000464,2155.172414,,,,,,,,,,,
-2.36,-0.000155687,-75,0.0004633,2158.428664,,,,,,,,,,,
-2.34,-0.000153696,-75,0.00045915,2177.937493,,,,,,,,,,,
-2.32,-0.000151724,-75,0.000458125,2182.810368,,,,,,,,,,,
-2.3,-0.000149741,-75,0.00045865,2180.311785,,,,,,,,,,,
-2.28,-0.00014776,-75,0.000455525,2195.269195,,,,,,,,,,,
-2.26,-0.000145782,-75,0.00045275,2208.724462,,,,,,,,,,,
-2.24,-0.000143807,-75,0.000448425,2230.027318,,,,,,,,,,,
-2.22,-0.000141854,-75,0.000445975,2242.278155,,,,,,,,,,,
-2.2,-0.000139886,-75,0.000445225,2246.055365,,,,,,,,,,,
-2.18,-0.000137927,-75,0.00044275,2258.610954,,,,,,,,,,,
-2.16,-0.000135962,-75,0.00043775,2284.408909,,,,,,,,,,,
-2.14,-0.000134028,-75,0.0004352,2297.794118,,,,,,,,,,,
-2.12,-0.000132077,-75,0.000434775,2300.040251,,,,,,,,,,,
-2.1,-0.000130129,-75,0.000432,2314.814815,,,,,,,,,,,
-2.08,-0.000128186,-75,0.000429425,2328.695348,,,,,,,,,,,
-2.06,-0.000126249,-75,0.000424425,2356.12888,,,,,,,,,,,
-2.04,-0.000124334,-75,0.000421725,2371.213468,,,,,,,,,,,
-2.02,-0.000122402,-75,0.00042065,2377.273268,,,,,,,,,,,
-2,-0.000120485,-75,0.000417625,2394.492667,,,,,,,,,,,
-1.98,-0.000118564,-75,0.00041305,2421.014405,,,,,,,,,,,
-1.96,-0.000116675,-75,0.0004104,2436.647173,,,,,,,,,,,
-1.94,-0.000114765,-75,0.000408925,2445.436205,,,,,,,,,,,
-1.92,-0.000112856,-75,0.000405525,2465.939215,,,,,,,,,,,
-1.9,-0.000110961,-75,0.00040155,2490.349894,,,,,,,,,,,
-1.88,-0.000109068,-75,0.000396475,2522.227127,,,,,,,,,,,
-1.86,-0.000107198,-75,0.00039395,2538.393197,,,,,,,,,,,
-1.84,-0.000105313,-75,0.000391725,2552.811283,,,,,,,,,,,
-1.82,-0.000103437,-75,0.000387175,2582.81139,,,,,,,,,,,
-1.8,-0.000101562,-75,0.000382575,2613.866562,,,,,,,,,,,
-1.78,-9.97172E-05,-75,0.0003805,2628.120894,,,,,,,,,,,
-1.76,-9.78548E-05,-75,0.00037795,2645.852626,,,,,,,,,,,
-1.74,-9.60059E-05,-75,0.000373625,2676.480428,,,,,,,,,,,
-1.72,-9.41605E-05,-75,0.000368075,2716.837601,,,,,,,,,,,
-1.7,-9.23268E-05,-75,0.000364275,2745.17878,,,,,,,,,,,
-1.68,-9.0495E-05,-75,0.0003625,2758.62069,,,,,,,,,,,
-1.66,-8.86243E-05,-75,0.000358025,2793.10104,,,,,,,,,,,
-1.64,-8.6802E-05,-75,0.0003537,2827.254736,,,,,,,,,,,
-1.62,-8.49855E-05,-75,0.000348225,2871.706512,,,,,,,,,,,
-1.6,-8.31934E-05,-75,0.00034355,2910.784456,,,,,,,,,,,
-1.58,-8.13902E-05,-75,0.000341275,2930.188265,,,,,,,,,,,
-1.56,-7.95927E-05,-75,0.000335625,2979.515829,,,,,,,,,,,
-1.54,-7.78203E-05,-75,0.00033085,3022.517757,,,,,,,,,,,
-1.52,-7.60395E-05,-75,0.00032765,3052.037235,,,,,,,,,,,
-1.5,-7.42644E-05,-75,0.000321125,3114.05216,,,,,,,,,,,
-1.48,-7.2516E-05,-75,0.000316225,3162.305321,,,,,,,,,,,
-1.46,-7.07601E-05,-75,0.00031315,3193.357816,,,,,,,,,,,
-1.44,-6.90135E-05,-75,0.000306875,3258.655804,,,,,,,,,,,
-1.42,-6.72858E-05,-75,0.00030175,3314.001657,,,,,,,,,,,
-1.4,-6.55615E-05,-75,0.0002978,3357.958361,,,,,,,,,,,
-1.38,-6.38435E-05,-75,0.000290375,3443.822643,,,,,,,,,,,
-1.36,-6.21475E-05,-75,0.000284475,3515.247386,,,,,,,,,,,
-1.34,-6.04433E-05,-75,0.000280425,3566.015869,,,,,,,,,,,
-1.32,-5.87562E-05,-75,0.000274175,3647.305553,,,,,,,,,,,
-1.3,-5.70932E-05,-75,0.00026835,3726.476616,,,,,,,,,,,
-1.28,-5.54219E-05,-75,0.000265295,3769.388794,,,,,,,,,,,
-1.26,-5.38E-05,-75,0.000258165,3873.491759,,,,,,,,,,,
-1.24,-5.21E-05,-75,0.00024969,4004.966158,,,,,,,,,,,
-1.22,-5.05E-05,-75,0.00024339,4108.632236,,,,,,,,,,,
-1.2,-4.89E-05,-75,0.000237398,4212.344275,,,,,,,,,,,
-1.18,-4.73E-05,-75,0.000231958,4311.134583,,,,,,,,,,,
-1.16,-4.57E-05,-75,0.000223888,4466.528949,,,,,,,,,,,
-1.14,-4.41E-05,-75,0.00021715,4605.111674,,,,,,,,,,,
-1.12,-4.26E-05,-75,0.000211498,4728.188276,,,,,,,,,,,
-1.1,-4.10E-05,-75,0.000203928,4903.703522,,,,,,,,,,,
-1.08,-3.95E-05,-75,0.000196803,5081.236265,,,,,,,,,,,
-1.06,-3.80E-05,-75,0.000190303,5254.791713,,,,,,,,,,,
-1.04,-3.65E-05,-75,0.000182075,5492.242208,,,,,,,,,,,
-1.02,-3.50E-05,-75,0.000174503,5730.576926,,,,,,,,,,,
-1,-3.35E-05,-75,0.000168115,5948.309193,,,,,,,,,,,
-0.98,-3.21E-05,-75,0.00015975,6259.780908,,,,,,,,,,,
-0.96,-3.06E-05,-75,0.000151888,6583.820262,,,,,,,,,,,
-0.94,-2.92E-05,-75,0.00014504,6894.649752,,,,,,,,,,,
-0.92,-2.78E-05,-75,0.000136825,7308.605883,,,,,,,,,,,
-0.9,-2.65E-05,-75,0.000129108,7745.483415,,,,,,,,,,,
-0.88,-2.51E-05,-75,0.00012141,8236.553826,,,,,,,,,,,
-0.86,-2.38E-05,-75,0.00011379,8788.118464,,,,,,,,,,,
-0.84,-2.25E-05,-75,0.000106668,9374.926758,,,,,,,,,,,
-0.82,-2.12E-05,-75,9.87E-05,10136.59056,,,,,,,,,,,
-0.8,-2.00E-05,-75,9.13E-05,10953.50238,,,,,,,,,,,
-0.78,-1.88E-05,-75,8.44E-05,11852.20303,,,,,,,,,,,
-0.76,-1.76E-05,-75,7.73E-05,12928.74966,,,,,,,,,,,
-0.74,-1.64E-05,-75,7.01E-05,14267.87944,,,,,,,,,,,
-0.72,-1.53E-05,-75,6.33E-05,15805.46632,,,,,,,,,,,
-0.7,-1.42E-05,-75,5.72E-05,17476.55956,,,,,,,,,,,
-0.68,-1.31E-05,-75,5.11E-05,19576.94228,,,,,,,,,,,
-0.66,-1.21E-05,-75,4.50E-05,22203.84237,,,,,,,,,,,
-0.64,-1.11E-05,-75,3.96E-05,25271.98979,,,,,,,,,,,
-0.62,-1.01E-05,-75,3.47E-05,28837.35014,,,,,,,,,,,
-0.6,-9.20E-06,-75,3.00E-05,33353.06723,,,,,,,,,,,
-0.58,-8.32E-06,-75,2.55E-05,39155.03436,,,,,,,,,,,
-0.56,-7.49E-06,-75,2.16E-05,46266.84402,,,,,,,,,,,
-0.54,-6.70E-06,-75,1.82E-05,54862.15883,,,,,,,,,,,
-0.52,-5.95E-06,-75,1.51E-05,66044.52722,,,,,,,,,,,
-0.5,-5.25E-06,-75,1.23E-05,81032.84464,,,,,,,,,,,
-0.48,-4.60E-06,-75,9.94E-06,100618.8057,,,,,,,,,,,
-0.46,-4.00E-06,-75,7.97E-06,125486.2593,,,,,,,,,,,
-0.44,-3.44E-06,-75,6.27E-06,159511.8936,,,,,,,,,,,
-0.42,-2.93E-06,-75,4.85E-06,206172.8141,,,,,,,,,,,
-0.4,-2.48E-06,-75,3.70E-06,269989.3354,,,,,,,,,,,
-0.38,-2.07E-06,-75,2.81E-06,356068.2939,,,,,,,,,,,
-0.36,-1.70E-06,-75,2.10E-06,476667.1433,,,,,,,,,,,
-0.34,-1.38E-06,-75,1.54E-06,650089.3873,,,,,,,,,,,
-0.32,-1.10E-06,-75,1.12E-06,896700.1435,,,,,,,,,,,
-0.3,-8.66E-07,-75,8.05E-07,1242043.161,,,,,,,,,,,
-0.28,-6.65E-07,-75,5.70E-07,1754309.022,,,,,,,,,,,
-0.26,-4.99E-07,-75,3.99E-07,2506736.855,,,,,,,,,,,
-0.24,-3.64E-07,-75,2.77E-07,3608805.485,,,,,,,,,,,
-0.22,-2.55E-07,-75,1.92E-07,5196154.845,,,,,,,,,,,
-0.2,-1.68E-07,-75,1.31E-07,7656967.841,,,,,,,,,,,
-0.18,-1.01E-07,-75,8.58E-08,11651616.66,,,,,,,,,,,
-0.16,-5.07E-08,-75,5.80E-08,17256255.39,,,,,,,,,,,
-0.14,-1.23E-08,-75,3.89E-08,25740025.74,,,,,,,,,,,
-0.12,6.60E-09,-75,2.46E-08,40650406.5,,,,,,,,,,,
-0.1,3.66E-09,-75,1.64E-08,61068702.29,,,,,,,,,,,
-0.08,5.12E-09,-75,1.17E-08,85287846.48,,,,,,,,,,,
-0.06,6.19E-10,-75,7.48E-09,133779264.2,,,,,,,,,,,
-0.04,2.98E-10,-75,3.50E-09,285714285.7,,,,,,,,,,,
-0.02,7.54E-11,-75,1.73E-09,579710144.9,,,,,,,,,,,
0,-2.30E-11,-75,1.88E-09,533333333.3,,,,,,,,,,,
0.02,2.00E-11,-75,1.95E-09,512820512.8,,,,,,,,,,,
0.04,5.50E-11,-75,1.95E-09,512820512.8,,,,,,,,,,,
0.06,9.80E-11,-75,1.05E-09,952380952.4,,,,,,,,,,,
0.08,9.70E-11,-75,-1.75E-10,-5714285714,,,,,,,,,,,
0.1,9.10E-11,-75,-5.00E-11,-20000000000,,,,,,,,,,,
0.12,9.50E-11,-75,1.70E-09,588235294.1,,,,,,,,,,,
0.14,1.59E-10,-75,9.75E-10,1025641026,,,,,,,,,,,
0.16,1.34E-10,-75,-5.25E-10,-1904761905,,,,,,,,,,,
0.18,1.38E-10,-75,5.75E-10,1739130435,,,,,,,,,,,
0.2,1.57E-10,-75,1.43E-09,701754386,,,,,,,,,,,
0.22,1.95E-10,-75,1.05E-09,952380952.4,,,,,,,,,,,
0.24,1.99E-10,-75,-4.00E-10,-2500000000,,,,,,,,,,,
0.26,1.79E-10,-75,5.00E-10,2000000000,,,,,,,,,,,
0.28,2.19E-10,-75,2.48E-09,404040404,,,,,,,,,,,
0.3,2.78E-10,-75,1.45E-09,689655172.4,,,,,,,,,,,
0.32,2.77E-10,-75,3.50E-10,2857142857,,,,,,,,,,,
0.34,2.92E-10,-75,-4.50E-10,-2222222222,,,,,,,,,,,
0.36,2.59E-10,-75,-2.50E-10,-4000000000,,,,,,,,,,,
0.38,2.82E-10,-75,3.40E-09,294117647.1,,,,,,,,,,,
0.4,3.95E-10,-75,1.88E-09,533333333.3,,,,,,,,,,,
0.42,3.57E-10,-75,-9.75E-10,-1025641026,,,,,,,,,,,
0.44,3.56E-10,-75,3.00E-10,3333333333,,,,,,,,,,,
0.46,3.69E-10,-75,7.25E-10,1379310345,,,,,,,,,,,
0.48,3.85E-10,-75,1.15E-09,869565217.4,,,,,,,,,,,
0.5,4.15E-10,-75,1.43E-09,701754386,,,,,,,,,,,
0.52,4.42E-10,-75,2.60E-09,384615384.6,,,,,,,,,,,
0.54,5.19E-10,-75,2.15E-09,465116279.1,,,,,,,,,,,
0.56,5.28E-10,-75,4.50E-10,2222222222,,,,,,,,,,,
0.58,5.37E-10,-75,1.00E-10,10000000000,,,,,,,,,,,
0.6,5.32E-10,-75,1.83E-09,547945205.5,,,,,,,,,,,
0.62,6.10E-10,-75,3.53E-09,283687943.3,,,,,,,,,,,
0.64,6.73E-10,-75,3.28E-09,305343511.5,,,,,,,,,,,
0.66,7.41E-10,-75,1.85E-09,540540540.5,,,,,,,,,,,
0.68,7.47E-10,-75,-1.40E-09,-714285714.3,,,,,,,,,,,
0.7,6.85E-10,-75,1.15E-09,869565217.4,,,,,,,,,,,
0.72,7.93E-10,-75,5.55E-09,180180180.2,,,,,,,,,,,
0.74,9.07E-10,-75,5.05E-09,198019802,,,,,,,,,,,
0.76,9.95E-10,-75,1.60E-09,625000000,,,,,,,,,,,
0.78,9.71E-10,-75,-7.50E-11,-13333333333,,,,,,,,,,,
0.8,9.92E-10,-75,1.65E-09,606060606.1,,,,,,,,,,,
0.82,1.04E-09,-75,1.15E-09,869565217.4,,,,,,,,,,,
0.84,1.04E-09,-75,2.88E-09,347826087,,,,,,,,,,,
0.86,1.15E-09,-75,4.40E-09,227272727.3,,,,,,,,,,,
0.88,1.21E-09,-75,3.18E-09,314960629.9,,,,,,,,,,,
0.9,1.28E-09,-75,1.65E-09,606060606.1,,,,,,,,,,,
0.92,1.28E-09,-75,2.48E-09,404040404,,,,,,,,,,,
0.94,1.38E-09,-75,6.40E-09,156250000,,,,,,,,,,,
0.96,1.54E-09,-75,5.73E-09,174672489.1,,,,,,,,,,,
0.98,1.61E-09,-75,5.42E-09,184331797.2,,,,,,,,,,,
1,1.75E-09,-75,5.62E-09,177777777.8,,,,,,,,,,,
1.02,1.83E-09,-75,3.90E-09,256410256.4,,,,,,,,,,,
1.04,1.91E-09,-75,7.88E-09,126984127,,,,,,,,,,,
1.06,2.15E-09,-75,7.33E-09,136518771.3,,,,,,,,,,,
1.08,2.20E-09,-75,2.73E-09,366972477.1,,,,,,,,,,,
1.1,2.26E-09,-75,4.75E-09,210526315.8,,,,,,,,,,,
1.12,2.39E-09,-75,8.42E-09,118694362,,,,,,,,,,,
1.14,2.59E-09,-75,6.80E-09,147058823.5,,,,,,,,,,,
1.16,2.66E-09,-75,6.00E-10,1666666667,,,,,,,,,,,
1.18,2.62E-09,-75,1.72E-08,58309037.9,,,,,,,,,,,
1.2,3.35E-09,-75,1.59E-08,63091482.65,,,,,,,,,,,
1.22,3.25E-09,-75,-1.90E-09,-526315789.5,,,,,,,,,,,
1.24,3.27E-09,-75,6.00E-09,166666666.7,,,,,,,,,,,
1.26,3.49E-09,-75,9.67E-09,103359173.1,,,,,,,,,,,
1.28,3.66E-09,-75,5.10E-09,196078431.4,,,,,,,,,,,
1.3,3.70E-09,-75,4.70E-09,212765957.4,,,,,,,,,,,
1.32,3.85E-09,-75,1.84E-08,54347826.09,,,,,,,,,,,
1.34,4.43E-09,-75,8.02E-09,124610591.9,,,,,,,,,,,
1.36,4.17E-09,-75,1.01E-08,99502487.56,,,,,,,,,,,
1.38,4.83E-09,-75,1.86E-08,53763440.86,,,,,,,,,,,
1.4,4.91E-09,-75,1.96E-08,51085568.33,,,,,,,,,,,
1.42,5.62E-09,-75,2.15E-08,46620046.62,,,,,,,,,,,
1.44,5.77E-09,-75,-1.74E-08,-57636887.61,,,,,,,,,,,
1.46,4.92E-09,-75,-9.05E-09,-110497237.6,,,,,,,,,,,
1.48,5.41E-09,-75,1.76E-08,56980056.98,,,,,,,,,,,
1.5,5.62E-09,-75,1.64E-08,60882800.61,,,,,,,,,,,
1.52,6.07E-09,-75,1.87E-08,53619302.95,,,,,,,,,,,
1.54,6.37E-09,-75,1.99E-08,50377833.75,,,,,,,,,,,
1.56,6.86E-09,-75,2.50E-08,39960039.96,,,,,,,,,,,
1.58,7.37E-09,-75,-9.08E-09,-110192837.5,,,,,,,,,,,
1.6,6.50E-09,-75,-9.97E-09,-100250626.6,,,,,,,,,,,
1.62,6.97E-09,-75,1.98E-08,50441361.92,,,,,,,,,,,
1.64,7.29E-09,-75,2.59E-08,38610038.61,,,,,,,,,,,
1.66,8.01E-09,-75,1.80E-08,55632823.37,,,,,,,,,,,
1.68,8.01E-09,-75,1.40E-08,71301247.77,,,,,,,,,,,
1.7,8.57E-09,-75,2.18E-08,45977011.49,,,,,,,,,,,
1.72,8.88E-09,-75,7.05E-09,141843971.6,,,,,,,,,,,
1.74,8.85E-09,-75,1.29E-08,77369439.07,,,,,,,,,,,
1.76,9.40E-09,-75,1.56E-08,64102564.1,,,,,,,,,,,
1.78,9.48E-09,-75,3.66E-08,27303754.27,,,,,,,,,,,
1.8,1.09E-08,-75,2.80E-08,35746201.97,,,,,,,,,,,
1.82,1.06E-08,-75,-3.92E-09,-254777070.1,,,,,,,,,,,
1.84,1.07E-08,-75,1.44E-08,69444444.44,,,,,,,,,,,
1.86,1.12E-08,-75,3.05E-08,32760032.76,,,,,,,,,,,
1.88,1.19E-08,-75,4.88E-08,20502306.51,,,,,,,,,,,
1.9,1.31E-08,-75,4.23E-08,23626698.17,,,,,,,,,,,
1.92,1.36E-08,-75,4.86E-08,20597322.35,,,,,,,,,,,
1.94,1.51E-08,-75,2.91E-08,34334763.95,,,,,,,,,,,
1.96,1.48E-08,-75,-2.83E-09,-353982300.9,,,,,,,,,,,
1.98,1.50E-08,-75,2.41E-08,41580041.58,,,,,,,,,,,
2,1.57E-08,-75,2.79E-08,35842293.91,,,,,,,,,,,
2.02,1.61E-08,-75,2.39E-08,41841004.18,,,,,,,,,,,
2.04,1.67E-08,-75,3.82E-08,26178010.47,,,,,,,,,,,
2.06,1.76E-08,-75,3.14E-08,31821797.93,,,,,,,,,,,
2.08,1.80E-08,-75,5.96E-08,16778523.49,,,,,,,,,,,
2.1,2.00E-08,-75,7.51E-08,13320013.32,,,,,,,,,,,
2.12,2.10E-08,-75,1.14E-08,88105726.87,,,,,,,,,,,
2.14,2.04E-08,-75,-6.50E-10,-1538461538,,,,,,,,,,,
2.16,2.09E-08,-75,3.33E-08,30007501.88,,,,,,,,,,,
2.18,2.18E-08,-75,4.04E-08,24767801.86,,,,,,,,,,,
2.2,2.26E-08,-75,2.40E-08,41666666.67,,,,,,,,,,,
2.22,2.27E-08,-75,2.06E-08,48661800.49,,,,,,,,,,,
2.24,2.34E-08,-75,2.22E-08,45095828.64,,,,,,,,,,,
2.26,2.36E-08,-75,1.86E-08,53763440.86,,,,,,,,,,,
2.28,2.41E-08,-75,2.68E-08,37348272.64,,,,,,,,,,,
2.3,2.47E-08,-75,2.71E-08,36934441.37,,,,,,,,,,,
2.32,2.52E-08,-75,5.70E-08,17559262.51,,,,,,,,,,,
2.34,2.70E-08,-75,5.09E-08,19636720.67,,,,,,,,,,,
2.36,2.72E-08,-75,3.85E-09,259740259.7,,,,,,,,,,,
2.38,2.71E-08,-75,5.75E-08,17383746.2,,,,,,,,,,,
2.4,2.95E-08,-75,9.00E-08,11114198.39,,,,,,,,,,,
2.42,3.07E-08,-75,8.49E-08,11771630.37,,,,,,,,,,,
2.44,3.29E-08,-75,8.05E-08,12422360.25,,,,,,,,,,,
2.46,3.39E-08,-75,4.40E-08,22714366.84,,,,,,,,,,,
2.48,3.47E-08,-75,1.70E-08,58997050.15,,,,,,,,,,,
2.5,3.46E-08,-75,3.98E-08,25109855.62,,,,,,,,,,,
2.52,3.63E-08,-75,8.32E-08,12015620.31,,,,,,,,,,,
2.54,3.79E-08,-75,5.70E-08,17543859.65,,,,,,,,,,,
2.56,3.86E-08,-75,3.50E-08,28530670.47,,,,,,,,,,,
2.58,3.93E-08,-75,3.40E-08,29433406.92,,,,,,,,,,,
2.6,3.99E-08,-75,9.65E-08,10360010.36,,,,,,,,,,,
2.62,4.32E-08,-75,-1.55E-09,-645161290.3,,,,,,,,,,,
2.64,3.99E-08,-75,-1.20E-08,-83160083.16,,,,,,,,,,,
2.66,4.27E-08,-75,1.10E-07,9064128.711,,,,,,,,,,,
2.68,4.43E-08,-75,4.62E-08,21645021.65,,,,,,,,,,,
2.7,4.46E-08,-75,6.31E-08,15854141.89,,,,,,,,,,,
2.72,4.68E-08,-75,9.74E-08,10266940.45,,,,,,,,,,,
2.74,4.85E-08,-75,3.62E-08,27605245,,,,,,,,,,,
2.76,4.83E-08,-75,4.68E-09,213903743.3,,,,,,,,,,,
2.78,4.87E-08,-75,7.72E-08,12957563.98,,,,,,,,,,,
2.8,5.13E-08,-75,5.48E-08,18256503.88,,,,,,,,,,,
2.82,5.08E-08,-75,1.31E-07,7649646.204,,,,,,,,,,,
2.84,5.66E-08,-75,1.92E-07,5200208.008,,,,,,,,,,,
2.86,5.85E-08,-75,3.48E-08,28694404.59,,,,,,,,,,,
2.88,5.80E-08,-75,6.31E-08,15860428.23,,,,,,,,,,,
2.9,6.11E-08,-75,1.31E-07,7639419.404,,,,,,,,,,,
2.92,6.32E-08,-75,9.58E-08,10441138.08,,,,,,,,,,,
2.94,6.49E-08,-75,4.73E-08,21141649.05,,,,,,,,,,,
2.96,6.51E-08,-75,1.06E-07,9394081.729,,,,,,,,,,,
2.98,6.91E-08,-75,1.15E-07,8671146.759,,,,,,,,,,,
3,6.97E-08,-75,2.77E-08,36036036.04,,,,,,,,,,,
-3,-0.000213007,-100,0.000544,1838.235294,,,,,,,,,,,
-2.98,-0.000211157,-100,0.000543575,1839.672538,,,,,,,,,,,
-2.96,-0.000209241,-100,0.000547425,1826.734256,,,,,,,,,,,
-2.94,-0.000207275,-100,0.0005507,1815.87071,,,,,,,,,,,
-2.92,-0.000205311,-100,0.000546725,1829.073117,,,,,,,,,,,
-2.9,-0.000203356,-100,0.000547025,1828.070015,,,,,,,,,,,
-2.88,-0.000201374,-100,0.00054685,1828.655024,,,,,,,,,,,
-2.86,-0.000199417,-100,0.000545325,1833.768853,,,,,,,,,,,
-2.84,-0.000197422,-100,0.000545525,1833.096558,,,,,,,,,,,
-2.82,-0.000195444,-100,0.000540275,1850.909259,,,,,,,,,,,
-2.8,-0.000193479,-100,0.0005389,1855.631843,,,,,,,,,,,
-2.78,-0.000191499,-100,0.0005397,1852.88123,,,,,,,,,,,
-2.76,-0.000189516,-100,0.0005332,1875.468867,,,,,,,,,,,
-2.74,-0.000187561,-100,0.0005319,1880.052641,,,,,,,,,,,
-2.72,-0.000185586,-100,0.000534275,1871.695288,,,,,,,,,,,
-2.7,-0.000183618,-100,0.00052875,1891.252955,,,,,,,,,,,
-2.68,-0.000181654,-100,0.0005263,1900.057002,,,,,,,,,,,
-2.66,-0.000179683,-100,0.000526525,1899.24505,,,,,,,,,,,
-2.64,-0.000177718,-100,0.0005231,1911.680367,,,,,,,,,,,
-2.62,-0.000175766,-100,0.00052085,1919.938562,,,,,,,,,,,
-2.6,-0.0001738,-100,0.000521225,1918.557245,,,,,,,,,,,
-2.58,-0.000171831,-100,0.000516025,1937.890606,,,,,,,,,,,
-2.56,-0.000169881,-100,0.000512825,1949.982938,,,,,,,,,,,
-2.54,-0.000167926,-100,0.000513425,1947.704144,,,,,,,,,,,
-2.52,-0.000165971,-100,0.000508,1968.503937,,,,,,,,,,,
-2.5,-0.000164035,-100,0.000505025,1980.099995,,,,,,,,,,,
-2.48,-0.000162088,-100,0.000505575,1977.945903,,,,,,,,,,,
-2.46,-0.000160144,-100,0.000501675,1993.32237,,,,,,,,,,,
-2.44,-0.000158216,-100,0.000499575,2001.701446,,,,,,,,,,,
-2.42,-0.000156282,-100,0.00049955,2001.801621,,,,,,,,,,,
-2.4,-0.000154345,-100,0.000493925,2024.598876,,,,,,,,,,,
-2.38,-0.000152429,-100,0.000490225,2039.879647,,,,,,,,,,,
-2.36,-0.000150496,-100,0.0004902,2039.98368,,,,,,,,,,,
-2.34,-0.000148572,-100,0.000486575,2055.181627,,,,,,,,,,,
-2.32,-0.000146665,-100,0.000483675,2067.504006,,,,,,,,,,,
-2.3,-0.000144748,-100,0.000482975,2070.500544,,,,,,,,,,,
-2.28,-0.000142833,-100,0.00047995,2083.55037,,,,,,,,,,,
-2.26,-0.000140921,-100,0.000476875,2096.985583,,,,,,,,,,,
-2.24,-0.000139012,-100,0.00047275,2115.282919,,,,,,,,,,,
-2.22,-0.000137124,-100,0.000470925,2123.480384,,,,,,,,,,,
-2.2,-0.000135221,-100,0.0004695,2129.925453,,,,,,,,,,,
-2.18,-0.000133327,-100,0.00046535,2148.920168,,,,,,,,,,,
-2.16,-0.000131428,-100,0.000460875,2169.785734,,,,,,,,,,,
-2.14,-0.000129558,-100,0.00045885,2179.361447,,,,,,,,,,,
-2.12,-0.000127672,-100,0.00045755,2185.553491,,,,,,,,,,,
-2.1,-0.000125789,-100,0.000454875,2198.406156,,,,,,,,,,,
-2.08,-0.00012391,-100,0.0004525,2209.944751,,,,,,,,,,,
-2.06,-0.000122038,-100,0.0004467,2238.638908,,,,,,,,,,,
-2.04,-0.000120187,-100,0.00044255,2259.63168,,,,,,,,,,,
-2.02,-0.000118319,-100,0.000441875,2263.083451,,,,,,,,,,,
-2,-0.000116466,-100,0.000439125,2277.255907,,,,,,,,,,,
-1.98,-0.000114609,-100,0.00043285,2310.269146,,,,,,,,,,,
-1.96,-0.000112783,-100,0.000429025,2330.8665,,,,,,,,,,,
-1.94,-0.000110936,-100,0.00042845,2333.994632,,,,,,,,,,,
-1.92,-0.000109091,-100,0.000425,2352.941176,,,,,,,,,,,
-1.9,-0.000107259,-100,0.000421275,2373.746365,,,,,,,,,,,
-1.88,-0.000105429,-100,0.000416275,2402.258123,,,,,,,,,,,
-1.86,-0.000103622,-100,0.00041245,2424.536307,,,,,,,,,,,
-1.84,-0.000101799,-100,0.0004102,2437.835202,,,,,,,,,,,
-1.82,-9.9985E-05,-100,0.000406575,2459.570805,,,,,,,,,,,
-1.8,-9.81724E-05,-100,0.00040125,2492.211838,,,,,,,,,,,
-1.78,-9.63894E-05,-100,0.000397075,2518.415916,,,,,,,,,,,
-1.76,-9.45889E-05,-100,0.000394825,2532.767682,,,,,,,,,,,
-1.74,-9.28015E-05,-100,0.0003905,2560.819462,,,,,,,,,,,
-1.72,-9.10175E-05,-100,0.000384775,2598.921448,,,,,,,,,,,
-1.7,-8.92449E-05,-100,0.0003806,2627.430373,,,,,,,,,,,
-1.68,-8.7474E-05,-100,0.00037755,2648.655807,,,,,,,,,,,
-1.66,-8.56655E-05,-100,0.0003734,2678.093198,,,,,,,,,,,
-1.64,-8.39038E-05,-100,0.000368975,2710.210719,,,,,,,,,,,
-1.62,-8.21478E-05,-100,0.000362075,2761.858731,,,,,,,,,,,
-1.6,-8.04152E-05,-100,0.000357175,2799.748023,,,,,,,,,,,
-1.58,-7.86721E-05,-100,0.0003544,2821.670429,,,,,,,,,,,
-1.56,-7.69344E-05,-100,0.0003489,2866.15076,,,,,,,,,,,
-1.54,-7.52209E-05,-100,0.00034445,2903.178981,,,,,,,,,,,
-1.52,-7.34993E-05,-100,0.0003399,2942.041777,,,,,,,,,,,
-1.5,-7.17833E-05,-100,0.000332725,3005.48501,,,,,,,,,,,
-1.48,-7.0093E-05,-100,0.000327375,3054.600993,,,,,,,,,,,
-1.46,-6.83955E-05,-100,0.000324025,3086.181622,,,,,,,,,,,
-1.44,-6.67069E-05,-100,0.0003174,3150.598614,,,,,,,,,,,
-1.42,-6.50367E-05,-100,0.000311275,3212.593366,,,,,,,,,,,
-1.4,-6.33696E-05,-100,0.00030735,3253.619652,,,,,,,,,,,
-1.38,-6.17088E-05,-100,0.00029985,3335.000834,,,,,,,,,,,
-1.36,-6.00693E-05,-100,0.000293225,3410.350414,,,,,,,,,,,
-1.34,-5.84217E-05,-100,0.000288325,3468.308333,,,,,,,,,,,
-1.32,-5.67906E-05,-100,0.0002808,3561.253561,,,,,,,,,,,
-1.3,-5.51829E-05,-100,0.000276133,3621.449847,,,,,,,,,,,
-1.28,-5.36E-05,-100,0.000270678,3694.433412,,,,,,,,,,,
-1.26,-5.20E-05,-100,0.00026115,3829.216925,,,,,,,,,,,
-1.24,-5.04E-05,-100,0.00025457,3928.192639,,,,,,,,,,,
-1.22,-4.88E-05,-100,0.000247778,4035.878964,,,,,,,,,,,
-1.2,-4.73E-05,-100,0.00024058,4156.621498,,,,,,,,,,,
-1.18,-4.57E-05,-100,0.000233825,4276.702662,,,,,,,,,,,
-1.16,-4.42E-05,-100,0.000225385,4436.852497,,,,,,,,,,,
-1.14,-4.27E-05,-100,0.000218378,4579.22634,,,,,,,,,,,
-1.12,-4.11E-05,-100,0.000212263,4711.147753,,,,,,,,,,,
-1.1,-3.96E-05,-100,0.000204268,4895.541386,,,,,,,,,,,
-1.08,-3.82E-05,-100,0.000196258,5095.346675,,,,,,,,,,,
-1.06,-3.67E-05,-100,0.000188953,5292.335375,,,,,,,,,,,
-1.04,-3.52E-05,-100,0.00018028,5546.927002,,,,,,,,,,,
-1.02,-3.38E-05,-100,0.000172275,5804.672762,,,,,,,,,,,
-1,-3.24E-05,-100,0.000164958,6062.167528,,,,,,,,,,,
-0.98,-3.10E-05,-100,0.000156063,6407.689227,,,,,,,,,,,
-0.96,-2.96E-05,-100,0.000147865,6762.925642,,,,,,,,,,,
-0.94,-2.82E-05,-100,0.000140525,7116.1715,,,,,,,,,,,
-0.92,-2.69E-05,-100,0.000131815,7586.390016,,,,,,,,,,,
-0.9,-2.56E-05,-100,0.000123668,8086.19888,,,,,,,,,,,
-0.88,-2.43E-05,-100,0.000115805,8635.205734,,,,,,,,,,,
-0.86,-2.30E-05,-100,0.000107748,9280.957795,,,,,,,,,,,
-0.84,-2.17E-05,-100,0.00010022,9978.048294,,,,,,,,,,,
-0.82,-2.05E-05,-100,9.21E-05,10857.46858,,,,,,,,,,,
-0.8,-1.93E-05,-100,8.46E-05,11824.52406,,,,,,,,,,,
-0.78,-1.81E-05,-100,7.77E-05,12875.647,,,,,,,,,,,
-0.76,-1.70E-05,-100,7.05E-05,14178.6151,,,,,,,,,,,
-0.74,-1.58E-05,-100,6.32E-05,15814.21461,,,,,,,,,,,
-0.72,-1.47E-05,-100,5.66E-05,17657.62743,,,,,,,,,,,
-0.7,-1.37E-05,-100,5.07E-05,19720.75412,,,,,,,,,,,
-0.68,-1.26E-05,-100,4.48E-05,22326.16291,,,,,,,,,,,
-0.66,-1.16E-05,-100,3.91E-05,25564.65941,,,,,,,,,,,
-0.64,-1.07E-05,-100,3.40E-05,29435.57289,,,,,,,,,,,
-0.62,-9.77E-06,-100,2.94E-05,34026.62583,,,,,,,,,,,
-0.6,-8.88E-06,-100,2.51E-05,39885.92625,,,,,,,,,,,
-0.58,-8.03E-06,-100,2.11E-05,47414.71279,,,,,,,,,,,
-0.56,-7.23E-06,-100,1.76E-05,56831.90543,,,,,,,,,,,
-0.54,-6.46E-06,-100,1.46E-05,68344.64152,,,,,,,,,,,
-0.52,-5.74E-06,-100,1.19E-05,83743.15138,,,,,,,,,,,
-0.5,-5.06E-06,-100,9.55E-06,104704.0931,,,,,,,,,,,
-0.48,-4.43E-06,-100,7.60E-06,131579.3802,,,,,,,,,,,
-0.46,-3.85E-06,-100,6.00E-06,166593.0881,,,,,,,,,,,
-0.44,-3.31E-06,-100,4.65E-06,215223.8597,,,,,,,,,,,
-0.42,-2.82E-06,-100,3.55E-06,281974.1007,,,,,,,,,,,
-0.4,-2.38E-06,-100,2.67E-06,374353.0711,,,,,,,,,,,
-0.38,-1.98E-06,-100,2.01E-06,498529.3385,,,,,,,,,,,
-0.36,-1.62E-06,-100,1.49E-06,672608.0377,,,,,,,,,,,
-0.34,-1.31E-06,-100,1.08E-06,927106.2696,,,,,,,,,,,
-0.32,-1.05E-06,-100,7.79E-07,1284191.601,,,,,,,,,,,
-0.3,-8.17E-07,-100,5.64E-07,1773206.845,,,,,,,,,,,
-0.28,-6.23E-07,-100,4.01E-07,2495476.948,,,,,,,,,,,
-0.26,-4.62E-07,-100,2.81E-07,3562839.583,,,,,,,,,,,
-0.24,-3.31E-07,-100,1.96E-07,5094892.37,,,,,,,,,,,
-0.22,-2.25E-07,-100,1.36E-07,7342143.906,,,,,,,,,,,
-0.2,-1.41E-07,-100,9.34E-08,10712372.79,,,,,,,,,,,
-0.18,-7.52E-08,-100,6.32E-08,15829046.3,,,,,,,,,,,
-0.16,-2.63E-08,-100,4.25E-08,23529411.76,,,,,,,,,,,
-0.14,1.13E-08,-100,2.91E-08,34364261.17,,,,,,,,,,,
-0.12,3.92E-09,-100,1.85E-08,53981106.61,,,,,,,,,,,
-0.1,1.95E-09,-100,1.18E-08,85106382.98,,,,,,,,,,,
-0.08,7.40E-10,-100,8.63E-09,115942029,,,,,,,,,,,
-0.06,8.49E-10,-100,4.95E-09,202020202,,,,,,,,,,,
-0.04,9.32E-11,-100,3.35E-09,298507462.7,,,,,,,,,,,
-0.02,9.90E-11,-100,3.70E-09,270270270.3,,,,,,,,,,,
0,4.20E-11,-100,1.08E-09,930232558.1,,,,,,,,,,,
0.02,1.63E-11,-100,-2.75E-10,-3636363636,,,,,,,,,,,
0.04,2.67E-11,-100,7.25E-10,1379310345,,,,,,,,,,,
0.06,4.13E-11,-100,7.00E-10,1428571429,,,,,,,,,,,
0.08,5.07E-11,-100,8.25E-10,1212121212,,,,,,,,,,,
0.1,6.97E-11,-100,8.00E-10,1250000000,,,,,,,,,,,
0.12,7.83E-11,-100,5.00E-11,20000000000,,,,,,,,,,,
0.14,7.14E-11,-100,5.75E-10,1739130435,,,,,,,,,,,
0.16,9.80E-11,-100,1.00E-09,1000000000,,,,,,,,,,,
0.18,1.06E-10,-100,5.50E-10,1818181818,,,,,,,,,,,
0.2,1.17E-10,-100,1.05E-09,952380952.4,,,,,,,,,,,
0.22,1.42E-10,-100,7.00E-10,1428571429,,,,,,,,,,,
0.24,1.41E-10,-100,5.50E-10,1818181818,,,,,,,,,,,
0.26,1.61E-10,-100,8.50E-10,1176470588,,,,,,,,,,,
0.28,1.70E-10,-100,7.25E-10,1379310345,,,,,,,,,,,
0.3,1.86E-10,-100,4.75E-10,2105263158,,,,,,,,,,,
0.32,1.87E-10,-100,2.50E-10,4000000000,,,,,,,,,,,
0.34,1.94E-10,-100,4.00E-10,2500000000,,,,,,,,,,,
0.36,2.00E-10,-100,1.73E-09,579710144.9,,,,,,,,,,,
0.38,2.54E-10,-100,1.68E-09,597014925.4,,,,,,,,,,,
0.4,2.58E-10,-100,1.75E-10,5714285714,,,,,,,,,,,
0.42,2.60E-10,-100,4.25E-10,2352941176,,,,,,,,,,,
0.44,2.73E-10,-100,6.50E-10,1538461538,,,,,,,,,,,
0.46,2.82E-10,-100,1.30E-09,769230769.2,,,,,,,,,,,
0.48,3.17E-10,-100,2.08E-09,481927710.8,,,,,,,,,,,
0.5,3.53E-10,-100,1.35E-09,740740740.7,,,,,,,,,,,
0.52,3.64E-10,-100,7.50E-10,1333333333,,,,,,,,,,,
0.54,3.79E-10,-100,1.05E-09,952380952.4,,,,,,,,,,,
0.56,4.00E-10,-100,2.53E-09,396039604,,,,,,,,,,,
0.58,4.66E-10,-100,1.95E-09,512820512.8,,,,,,,,,,,
0.6,4.67E-10,-100,5.00E-10,2000000000,,,,,,,,,,,
0.62,4.83E-10,-100,1.00E-09,1000000000,,,,,,,,,,,
0.64,5.01E-10,-100,1.95E-09,512820512.8,,,,,,,,,,,
0.66,5.50E-10,-100,3.28E-09,305343511.5,,,,,,,,,,,
0.68,6.14E-10,-100,2.80E-09,357142857.1,,,,,,,,,,,
0.7,6.47E-10,-100,5.25E-10,1904761905,,,,,,,,,,,
0.72,6.32E-10,-100,1.20E-09,833333333.3,,,,,,,,,,,
0.74,6.88E-10,-100,2.58E-09,388349514.6,,,,,,,,,,,
0.76,7.21E-10,-100,2.48E-09,404040404,,,,,,,,,,,
0.78,7.73E-10,-100,3.20E-09,312500000,,,,,,,,,,,
0.8,8.31E-10,-100,3.20E-09,312500000,,,,,,,,,,,
0.82,8.83E-10,-100,6.75E-10,1481481481,,,,,,,,,,,
0.84,8.54E-10,-100,2.83E-09,353982300.9,,,,,,,,,,,
0.86,9.80E-10,-100,3.30E-09,303030303,,,,,,,,,,,
0.88,9.68E-10,-100,2.40E-09,416666666.7,,,,,,,,,,,
0.9,1.06E-09,-100,3.75E-09,266666666.7,,,,,,,,,,,
0.92,1.10E-09,-100,7.72E-09,129449838.2,,,,,,,,,,,
0.94,1.33E-09,-100,7.45E-09,134228187.9,,,,,,,,,,,
0.96,1.35E-09,-100,3.50E-09,285714285.7,,,,,,,,,,,
0.98,1.45E-09,-100,6.67E-09,149812734.1,,,,,,,,,,,
1,1.58E-09,-100,7.70E-09,129870129.9,,,,,,,,,,,
1.02,1.71E-09,-100,5.92E-09,168776371.3,,,,,,,,,,,
1.04,1.79E-09,-100,4.08E-09,245398773,,,,,,,,,,,
1.06,1.85E-09,-100,8.22E-09,121580547.1,,,,,,,,,,,
1.08,1.93E-09,-100,1.14E-08,87527352.3,,,,,,,,,,,
1.1,2.01E-09,-100,8.00E-09,125000000,,,,,,,,,,,
1.12,2.13E-09,-100,7.13E-09,140350877.2,,,,,,,,,,,
1.14,2.20E-09,-100,1.19E-08,83857442.35,,,,,,,,,,,
1.16,2.27E-09,-100,1.73E-08,57720057.72,,,,,,,,,,,
1.18,2.39E-09,-100,5.65E-09,176991150.4,,,,,,,,,,,
1.2,2.23E-09,-100,-2.50E-10,-4000000000,,,,,,,,,,,
1.22,2.48E-09,-100,1.71E-08,58394160.58,,,,,,,,,,,
1.24,2.73E-09,-100,1.47E-08,68027210.88,,,,,,,,,,,
1.26,2.97E-09,-100,7.98E-09,125391849.5,,,,,,,,,,,
1.28,3.00E-09,-100,6.35E-09,157480315,,,,,,,,,,,
1.3,3.09E-09,-100,6.17E-09,161943319.8,,,,,,,,,,,
1.32,3.29E-09,-100,1.90E-08,52770448.55,,,,,,,,,,,
1.34,3.41E-09,-100,8.55E-09,116959064.3,,,,,,,,,,,
1.36,3.62E-09,-100,-2.63E-09,-380952381,,,,,,,,,,,
1.38,3.88E-09,-100,9.55E-09,104712041.9,,,,,,,,,,,
1.4,3.90E-09,-100,2.97E-08,33641715.73,,,,,,,,,,,
1.42,3.95E-09,-100,2.54E-08,39370078.74,,,,,,,,,,,
1.44,4.20E-09,-100,6.70E-09,149253731.3,,,,,,,,,,,
1.46,4.53E-09,-100,-2.71E-08,-36866359.45,,,,,,,,,,,
1.48,4.14E-09,-100,-4.12E-08,-24257125.53,,,,,,,,,,,
1.5,3.98E-09,-100,-3.72E-08,-26917900.4,,,,,,,,,,,
1.52,4.25E-09,-100,-2.49E-08,-40201005.03,,,,,,,,,,,
1.54,4.46E-09,-100,1.97E-09,506329113.9,,,,,,,,,,,
1.56,4.63E-09,-100,6.48E-09,154440154.4,,,,,,,,,,,
1.58,4.75E-09,-100,8.70E-09,114942528.7,,,,,,,,,,,
1.6,4.98E-09,-100,9.30E-09,107526881.7,,,,,,,,,,,
1.62,5.12E-09,-100,8.35E-09,119760479,,,,,,,,,,,
1.64,5.31E-09,-100,1.36E-08,73394495.41,,,,,,,,,,,
1.66,5.57E-09,-100,1.62E-08,61919504.64,,,,,,,,,,,
1.68,5.76E-09,-100,6.73E-09,148698884.8,,,,,,,,,,,
1.7,5.93E-09,-100,5.82E-09,171673819.7,,,,,,,,,,,
1.72,6.19E-09,-100,1.45E-08,69084628.67,,,,,,,,,,,
1.74,6.31E-09,-100,3.34E-08,29962546.82,,,,,,,,,,,
1.76,6.82E-09,-100,3.12E-08,32025620.5,,,,,,,,,,,
1.78,7.16E-09,-100,1.48E-08,67453625.63,,,,,,,,,,,
1.8,7.42E-09,-100,1.14E-08,87719298.25,,,,,,,,,,,
1.82,7.62E-09,-100,5.17E-09,193236715,,,,,,,,,,,
1.84,7.62E-09,-100,8.23E-09,121580547.1,,,,,,,,,,,
1.86,7.95E-09,-100,1.76E-08,56818181.82,,,,,,,,,,,
1.88,8.33E-09,-100,1.47E-08,67911714.77,,,,,,,,,,,
1.9,8.54E-09,-100,1.89E-08,52840158.52,,,,,,,,,,,
1.92,9.09E-09,-100,1.62E-08,61823802.16,,,,,,,,,,,
1.94,9.18E-09,-100,1.37E-08,73126142.6,,,,,,,,,,,
1.96,9.63E-09,-100,1.25E-08,79840319.36,,,,,,,,,,,
1.98,9.68E-09,-100,1.73E-08,57971014.49,,,,,,,,,,,
2,1.03E-08,-100,1.89E-08,52840158.52,,,,,,,,,,,
2.02,1.04E-08,-100,1.11E-08,90090090.09,,,,,,,,,,,
2.04,1.08E-08,-100,1.91E-08,52287581.7,,,,,,,,,,,
2.06,1.12E-08,-100,1.86E-08,53763440.86,,,,,,,,,,,
2.08,1.15E-08,-100,2.86E-08,34965034.97,,,,,,,,,,,
2.1,1.24E-08,-100,2.08E-08,48019207.68,,,,,,,,,,,
2.12,1.23E-08,-100,8.67E-09,115273775.2,,,,,,,,,,,
2.14,1.27E-08,-100,3.98E-08,25157232.7,,,,,,,,,,,
2.16,1.39E-08,-100,3.39E-08,29476787.03,,,,,,,,,,,
2.18,1.41E-08,-100,3.24E-08,30888030.89,,,,,,,,,,,
2.2,1.52E-08,-100,4.47E-08,22358859.7,,,,,,,,,,,
2.22,1.58E-08,-100,2.45E-08,40858018.39,,,,,,,,,,,
2.24,1.62E-08,-100,3.42E-08,29261155.82,,,,,,,,,,,
2.26,1.72E-08,-100,4.33E-08,23081361.8,,,,,,,,,,,
2.28,1.79E-08,-100,2.48E-08,40281973.82,,,,,,,,,,,
2.3,1.82E-08,-100,3.79E-08,26402640.26,,,,,,,,,,,
2.32,1.95E-08,-100,2.66E-08,37558685.45,,,,,,,,,,,
2.34,1.93E-08,-100,6.80E-09,147058823.5,,,,,,,,,,,
2.36,1.97E-08,-100,3.50E-08,28530670.47,,,,,,,,,,,
2.38,2.07E-08,-100,5.21E-08,19212295.87,,,,,,,,,,,
2.4,2.18E-08,-100,4.85E-08,20639834.88,,,,,,,,,,,
2.42,2.26E-08,-100,3.29E-08,30418250.95,,,,,,,,,,,
2.44,2.31E-08,-100,3.18E-08,31471282.45,,,,,,,,,,,
2.46,2.39E-08,-100,6.93E-08,14440433.21,,,,,,,,,,,
2.48,2.59E-08,-100,5.63E-08,17754105.64,,,,,,,,,,,
2.5,2.61E-08,-100,2.90E-08,34512510.79,,,,,,,,,,,
2.52,2.71E-08,-100,5.18E-08,19295706.71,,,,,,,,,,,
2.54,2.82E-08,-100,4.00E-08,25000000,,,,,,,,,,,
2.56,2.87E-08,-100,3.54E-08,28268551.24,,,,,,,,,,,
2.58,2.96E-08,-100,5.74E-08,17436791.63,,,,,,,,,,,
2.6,3.09E-08,-100,1.18E-07,8472781.19,,,,,,,,,,,
2.62,3.43E-08,-100,8.41E-08,11883541.3,,,,,,,,,,,
2.64,3.43E-08,-100,6.73E-08,14858841.01,,,,,,,,,,,
2.66,3.70E-08,-100,6.28E-08,15936254.98,,,,,,,,,,,
2.68,3.68E-08,-100,4.60E-08,21750951.6,,,,,,,,,,,
2.7,3.89E-08,-100,8.46E-08,11823825.01,,,,,,,,,,,
2.72,4.02E-08,-100,6.97E-08,14336917.56,,,,,,,,,,,
2.74,4.17E-08,-100,6.73E-08,14858841.01,,,,,,,,,,,
2.76,4.29E-08,-100,4.01E-08,24922118.38,,,,,,,,,,,
2.78,4.33E-08,-100,1.43E-08,70052539.4,,,,,,,,,,,
2.8,4.35E-08,-100,4.53E-08,22075055.19,,,,,,,,,,,
2.82,4.51E-08,-100,7.28E-08,13745704.47,,,,,,,,,,,
2.84,4.64E-08,-100,3.01E-08,33277870.22,,,,,,,,,,,
2.86,4.63E-08,-100,6.86E-08,14582573.82,,,,,,,,,,,
2.88,4.91E-08,-100,1.14E-07,8754650.908,,,,,,,,,,,
2.9,5.09E-08,-100,9.91E-08,10090817.36,,,,,,,,,,,
2.92,5.31E-08,-100,-2.03E-09,-493827160.5,,,,,,,,,,,
2.94,5.08E-08,-100,-1.88E-08,-53191489.36,,,,,,,,,,,
2.96,5.23E-08,-100,9.42E-08,10615711.25,,,,,,,,,,,
2.98,5.45E-08,-100,2.51E-08,39840637.45,,,,,,,,,,,
3,5.33E-08,-100,-6.00E-08,-16680567.14,,,,,,,,,,,