Setup title,"TFT Id-Vd-Tian"
Application test name,"TFT Id-Vd-Tian"
Test date,2/12/2018
Test time,16:55:14
Device ID,gr-ots-vfet
Count,1
Flags,!
Remarks,id-vg-1-pos
Name,Gate,Source,Drain,VgStart,VgStop,VgStep,VdStart,VdStop,VdStep,Vs,IgLimit,IntegTime,HoldTime,DelayTime,DrainMinRng
Value,"SMU1:HP	HPSMU","SMU4:HR	HRSMU","SMU3:HR	HRSMU",0,100,20,-5,5,0.05,0,0.01,MEDIUM,0,0,1nA
Name,Polarity,Lg,Wg,Temp,IdMax
Value,1,1E-06,1E-05,25,0.01
Vdrain,Idrain,Vgate,gds,Rds
-5,-1.87312E-05,0,1.0286E-05,97219.5216799531
-4.95,-1.82169E-05,0,9.44700000000005E-06,105853.710172541
-4.9,-1.77865E-05,0,7.76200000000004E-06,128832.775057974
-4.85,-1.74407E-05,0,6.80699999999995E-06,146907.595122669
-4.8,-1.71058E-05,0,6.59599999999996E-06,151607.034566405
-4.75,-1.67811E-05,0,6.29400000000003E-06,158881.474420082
-4.7,-1.64764E-05,0,6.04600000000003E-06,165398.61065167
-4.65,-1.61765E-05,0,5.79100000000001E-06,172681.747539285
-4.6,-1.58973E-05,0,5.56999999999995E-06,179533.213644526
-4.55,-1.56195E-05,0,5.54799999999997E-06,180245.1333814
-4.5,-1.53425E-05,0,5.47000000000004E-06,182815.356489944
-4.45,-1.50725E-05,0,5.40100000000002E-06,185150.897981855
-4.4,-1.48024E-05,0,5.19000000000001E-06,192678.227360308
-4.35,-1.45535E-05,0,5.03999999999998E-06,198412.698412699
-4.3,-1.42984E-05,0,5.13099999999998E-06,194893.782888327
-4.25,-1.40404E-05,0,5.01400000000002E-06,199441.563621858
-4.2,-1.3797E-05,0,4.85500000000001E-06,205973.223480947
-4.15,-1.35549E-05,0,4.81899999999997E-06,207511.931936088
-4.1,-1.33151E-05,0,4.77399999999999E-06,209467.951403436
-4.05,-1.30775E-05,0,4.78700000000001E-06,208899.101733862
-4,-1.28364E-05,0,4.63200000000001E-06,215889.464594127
-3.95,-1.26143E-05,0,4.50200000000001E-06,222123.50066637
-3.9,-1.23862E-05,0,4.46999999999999E-06,223713.646532439
-3.85,-1.21673E-05,0,4.46300000000001E-06,224064.530584808
-3.8,-1.19399E-05,0,4.47100000000001E-06,223663.609930664
-3.75,-1.17202E-05,0,4.298E-06,232666.356444858
-3.7,-1.15101E-05,0,4.226E-06,236630.383341221
-3.65,-1.12976E-05,0,4.22999999999999E-06,236406.619385343
-3.6,-1.10871E-05,0,4.21500000000001E-06,237247.924080664
-3.55,-1.08761E-05,0,4.188E-06,238777.459407832
-3.5,-1.06683E-05,0,4.096E-06,244140.625
-3.45,-1.04665E-05,0,4.1243E-06,242465.388065854
-3.4,-1.025587E-05,0,4.08389999999998E-06,244863.978060189
-3.35,-1.005811E-05,0,3.9021E-06,256272.263652905
-3.3,-9.86566E-06,0,3.94020000000001E-06,253794.223643469
-3.25,-9.66409E-06,0,4.03850000000001E-06,247616.689364863
-3.2,-9.46181E-06,0,3.9388E-06,253884.431806642
-3.15,-9.27021E-06,0,3.81419999999999E-06,262178.176288607
-3.1,-9.08039E-06,0,3.76080000000001E-06,265900.87215486
-3.05,-8.89413E-06,0,3.7487E-06,266759.143169632
-3,-8.70552E-06,0,3.78249999999999E-06,264375.413086584
-2.95,-8.51588E-06,0,3.75689999999999E-06,266176.901168517
-2.9,-8.32983E-06,0,3.73480000000001E-06,267751.954589268
-2.85,-8.1424E-06,0,3.70850000000001E-06,269650.802211136
-2.8,-7.95898E-06,0,3.6213E-06,276143.926214343
-2.75,-7.78027E-06,0,3.6571E-06,273440.704383254
-2.7,-7.59327E-06,0,3.67159999999999E-06,272360.823619131
-2.65,-7.41311E-06,0,3.6694E-06,272524.118384477
-2.6,-7.22633E-06,0,3.68500000000001E-06,271370.420624151
-2.55,-7.04461E-06,0,3.6252E-06,275846.849828975
-2.5,-6.86381E-06,0,3.6113E-06,276908.592473625
-2.45,-6.68348E-06,0,3.6477E-06,274145.351865559
-2.4,-6.49904E-06,0,3.6693E-06,272531.545526395
-2.35,-6.31655E-06,0,3.61920000000002E-06,276304.155614499
-2.3,-6.13712E-06,0,3.6239E-06,275945.804244047
-2.25,-5.95416E-06,0,3.6557E-06,273545.422217359
-2.2,-5.77155E-06,0,3.6964E-06,270533.492046316
-2.15,-5.58452E-06,0,3.7176E-06,268990.746718313
-2.1,-5.39979E-06,0,3.73409999999999E-06,267802.147773226
-2.05,-5.21111E-06,0,3.7729E-06,265048.106231281
-2,-5.0225E-06,0,3.80420000000001E-06,262867.357131591
-1.95,-4.83069E-06,0,3.86330000000001E-06,258846.064245593
-1.9,-4.63617E-06,0,3.9047E-06,256101.621123262
-1.85,-4.44022E-06,0,3.91969999999999E-06,255121.565425926
-1.8,-4.2442E-06,0,3.9699E-06,251895.5137409
-1.75,-4.04323E-06,0,4.0279E-06,248268.328409345
-1.7,-3.84141E-06,0,4.0853E-06,244780.065111497
-1.65,-3.6347E-06,0,4.1266E-06,242330.247661513
-1.6,-3.42875E-06,0,4.1471E-06,241132.35755106
-1.55,-3.21999E-06,0,4.2027E-06,237942.275204036
-1.5,-3.00848E-06,0,4.2341E-06,236177.700101557
-1.45,-2.79658E-06,0,4.25600000000001E-06,234962.406015037
-1.4,-2.58288E-06,0,4.2677E-06,234318.251048574
-1.35,-2.36981E-06,0,4.2444E-06,235604.561304307
-1.3,-2.15844E-06,0,4.208E-06,237642.585551331
-1.25,-1.94901E-06,0,4.1426E-06,241394.293438903
-1.2,-1.74418E-06,0,4.03990000000001E-06,247530.879477214
-1.15,-1.54502E-06,0,3.95020000000001E-06,253151.739152448
-1.1,-1.34916E-06,0,3.7829E-06,264347.458299189
-1.05,-1.16673E-06,0,3.5524E-06,281499.831100102
-1,-9.9392E-07,0,3.3647E-06,297203.316789015
-0.95,-8.3026E-07,0,3.1144E-06,321089.134343694
-0.9,-6.8248E-07,0,2.8099E-06,355884.551051639
-0.85,-5.4927E-07,0,2.49E-06,401606.425702811
-0.8,-4.3348E-07,0,2.15585E-06,463854.164250759
-0.75,-3.33685E-07,0,1.84453E-06,542143.527077358
-0.7,-2.49027E-07,0,1.63629E-06,611138.612348667
-0.65,-1.70056E-07,0,1.32582E-06,754250.199876304
-0.6,-1.16445E-07,0,9.2498E-07,1081104.45631257
-0.55,-7.7558E-08,0,6.7052E-07,1491379.82461373
-0.5,-4.9393E-08,0,4.7995E-07,2083550.36983019
-0.45,-2.9563E-08,0,3.2709E-07,3057262.5271332
-0.4,-1.6684E-08,0,2.0574E-07,4860503.54816759
-0.35,-8.989E-09,0,1.2508E-07,7994883.27470419
-0.3,-4.176E-09,0,7.59E-08,13175230.5665349
-0.25,-1.399E-09,0,3.839E-08,26048450.117218
-0.2,-3.37E-10,0,1.903E-08,52548607.4619023
-0.15,5.04E-10,0,2.347E-08,42607584.1499787
-0.1,2.01E-09,0,2.609E-08,38328861.6328095
-0.05,3.113E-09,0,1.422E-08,70323488.0450071
0,3.432E-09,0,2.9E-09,344827586.206896
0.05,3.403E-09,0,-2.59999999999997E-10,-3846153846.15389
0.1,3.406E-09,0,-4.63E-09,-215982721.382289
0.15,2.94E-09,0,-4.21E-09,-237529691.211401
0.2,2.985E-09,0,4.01E-09,249376558.603491
0.25,3.341E-09,0,1.55E-09,645161290.322581
0.3,3.14E-09,0,-1.58E-09,-632911392.405063
0.35,3.183E-09,0,5.08E-09,196850393.700788
0.4,3.648E-09,0,7.61E-09,131406044.678055
0.45,3.944E-09,0,1.65E-09,606060606.060605
0.5,3.813E-09,0,1.214E-08,82372322.8995058
0.55,5.158E-09,0,9.24E-09,108225108.225108
0.6,4.737E-09,0,-2.29E-09,-436681222.707424
0.65,4.929E-09,0,1.003E-08,99700897.3080759
0.7,5.74E-09,0,1.906E-08,52465897.1668415
0.75,6.835E-09,0,-1.611E-08,-62073246.4307883
0.8,4.129E-09,0,9.27000000000001E-09,107874865.156418
0.85,7.762E-09,0,4.992E-08,20032051.2820513
0.9,9.121E-09,0,2.103E-08,47551117.4512602
0.95,9.865E-09,0,1.704E-08,58685446.0093897
1,1.0825E-08,0,2.607E-08,38358266.2063675
1.05,1.2472E-08,0,2.416E-08,41390728.4768212
1.1,1.3241E-08,0,1.749E-08,57175528.8736421
1.15,1.4221E-08,0,4.35500000000001E-08,22962112.5143513
1.2,1.7596E-08,0,3.061E-08,32669062.3979092
1.25,1.7282E-08,0,6.65999999999997E-09,150150150.150151
1.3,1.8262E-08,0,2.426E-08,41220115.4163232
1.35,1.9708E-08,0,3.233E-08,30931023.8168884
1.4,2.1495E-08,0,3.227E-08,30988534.2423303
1.45,2.2935E-08,0,3.06500000000001E-08,32626427.406199
1.5,2.456E-08,0,4.008E-08,24950099.8003992
1.55,2.6943E-08,0,4.576E-08,21853146.8531469
1.6,2.9136E-08,0,3.934E-08,25419420.437214
1.65,3.0877E-08,0,3.883E-08,25753283.5436518
1.7,3.3019E-08,0,4.754E-08,21034917.9638199
1.75,3.5631E-08,0,5.242E-08,19076688.2869134
1.8,3.8261E-08,0,5.296E-08,18882175.2265861
1.85,4.0927E-08,0,6.35899999999999E-08,15725743.0413587
1.9,4.462E-08,0,5.87300000000001E-08,17027073.0461433
1.95,4.68E-08,0,4.97200000000001E-08,20112630.7320997
2,4.9592E-08,0,9.88500000000001E-08,10116337.8856854
2.05,5.6685E-08,0,6.917E-08,14457134.5959231
2.1,5.6509E-08,0,2.451E-08,40799673.6026112
2.15,5.9136E-08,0,6.605E-08,15140045.4201363
2.2,6.3114E-08,0,8.085E-08,12368583.7971552
2.25,6.7221E-08,0,7.67099999999998E-08,13036110.0247686
2.3,7.0785E-08,0,8.08299999999999E-08,12371644.1915131
2.35,7.5304E-08,0,8.85500000000004E-08,11293054.7713156
2.4,7.964E-08,0,9.22899999999999E-08,10835410.1202731
2.45,8.4533E-08,0,9.94899999999998E-08,10051261.4333099
2.5,8.9589E-08,0,1.0199E-07,9804882.83165016
2.55,9.4732E-08,0,1.038E-07,9633911.36801542
2.6,9.9969E-08,0,1.0416E-07,9600614.43932409
2.65,1.05148E-07,0,1.6402E-07,6096817.46128521
2.7,1.16371E-07,0,1.2564E-07,7959248.64692773
2.75,1.17712E-07,0,7.04599999999999E-08,14192449.6168039
2.8,1.23417E-07,0,1.1842E-07,8444519.50684007
2.85,1.29554E-07,0,1.3855E-07,7217610.97076866
2.9,1.37272E-07,0,1.5165E-07,6594131.22321135
2.95,1.44719E-07,0,1.5229E-07,6566419.33153851
3,1.52501E-07,0,1.5166E-07,6593696.42621654
3.05,1.59885E-07,0,1.8207E-07,5492393.03564564
3.1,1.70708E-07,0,1.79550000000001E-07,5569479.25368976
3.15,1.7784E-07,0,1.6422E-07,6089392.27865059
3.2,1.8713E-07,0,2.0178E-07,4955892.55624939
3.25,1.98018E-07,0,1.7998E-07,5556172.9081009
3.3,2.05128E-07,0,1.6252E-07,6153088.85060301
3.35,2.1427E-07,0,2.29490000000001E-07,4357488.34371867
3.4,2.28077E-07,0,2.3069E-07,4334821.62209025
3.45,2.37339E-07,0,2.7289E-07,3664480.19348456
3.5,2.55366E-07,0,2.22609999999999E-07,4492161.1787431
3.55,2.596E-07,0,1.4394E-07,6947339.16909823
3.6,2.6976E-07,0,3.54900000000001E-07,2817695.12538742
3.65,2.9509E-07,0,2.9425E-07,3398470.68819032
3.7,2.99185E-07,0,1.5754E-07,6347594.26177478
3.75,3.10844E-07,0,3.4223E-07,2922011.51272536
3.8,3.33408E-07,0,2.9954E-07,3338452.29351673
3.85,3.40798E-07,0,1.94350000000001E-07,5145356.31592486
3.9,3.52843E-07,0,2.9505E-07,3389256.0582952
3.95,3.70303E-07,0,3.1522E-07,3172387.53886175
4,3.84365E-07,0,3.19660000000001E-07,3128323.84408433
4.05,4.02269E-07,0,3.62450000000002E-07,2759001.24155055
4.1,4.2061E-07,0,3.12009999999999E-07,3205025.47995258
4.15,4.3347E-07,0,3.32299999999998E-07,3009328.91965093
4.2,4.5384E-07,0,3.77100000000002E-07,2651816.49429858
4.25,4.7118E-07,0,3.86700000000001E-07,2585983.9668994
4.3,4.9251E-07,0,4.13999999999998E-07,2415458.93719808
4.35,5.1258E-07,0,4.07999999999998E-07,2450980.39215688
4.4,5.3331E-07,0,4.62400000000002E-07,2162629.75778546
4.45,5.5882E-07,0,5.71600000000002E-07,1749475.15745276
4.5,5.9047E-07,0,5.66500000000002E-07,1765225.06619593
4.55,6.1547E-07,0,5.41499999999998E-07,1846722.06832872
4.6,6.4462E-07,0,4.69799999999998E-07,2128565.34695616
4.65,6.6245E-07,0,4.35600000000002E-07,2295684.11386592
4.7,6.8818E-07,0,5.38200000000001E-07,1858045.3363062
4.75,7.1627E-07,0,6.77400000000002E-07,1476232.65426631
4.8,7.5592E-07,0,6.56999999999997E-07,1522070.01522071
4.85,7.8197E-07,0,5.53899999999997E-07,1805380.03249685
4.9,8.1131E-07,0,6.27400000000002E-07,1593879.50270959
4.95,8.4471E-07,0,5.83200000000003E-07,1714677.64060356
5,8.6963E-07,0,4.98400000000002E-07,2006420.54574638
-5,-1.72815E-05,20,5.54400000000005E-06,180375.180375179
-4.95,-1.70043E-05,20,5.55700000000001E-06,179953.212164837
-4.9,-1.67258E-05,20,5.63300000000001E-06,177525.297354873
-4.85,-1.6441E-05,20,5.544E-06,180375.18037518
-4.8,-1.61714E-05,20,5.33599999999998E-06,187406.296851575
-4.75,-1.59074E-05,20,5.215E-06,191754.554170661
-4.7,-1.56499E-05,20,5.17900000000002E-06,193087.468623285
-4.65,-1.53895E-05,20,5.12100000000002E-06,195274.360476469
-4.6,-1.51378E-05,20,4.92999999999996E-06,202839.756592294
-4.55,-1.48965E-05,20,4.80999999999998E-06,207900.207900209
-4.5,-1.46568E-05,20,4.82900000000002E-06,207082.21163802
-4.45,-1.44136E-05,20,4.838E-06,206696.982224059
-4.4,-1.4173E-05,20,4.71300000000002E-06,212179.079142796
-4.35,-1.39423E-05,20,4.66999999999998E-06,214132.762312635
-4.3,-1.3706E-05,20,4.59799999999998E-06,217485.863418879
-4.25,-1.34825E-05,20,4.56500000000001E-06,219058.050383351
-4.2,-1.32495E-05,20,4.60000000000001E-06,217391.304347826
-4.15,-1.30225E-05,20,4.39799999999998E-06,227376.080036381
-4.1,-1.28097E-05,20,4.28899999999998E-06,233154.581487527
-4.05,-1.25936E-05,20,4.35400000000001E-06,229673.863114377
-4,-1.23743E-05,20,4.25300000000002E-06,235128.144838936
-3.95,-1.21683E-05,20,4.243E-06,235682.300259251
-3.9,-1.195E-05,20,4.24599999999999E-06,235515.779557231
-3.85,-1.17437E-05,20,4.08500000000001E-06,244798.041615666
-3.8,-1.15415E-05,20,4.056E-06,246548.323471401
-3.75,-1.13381E-05,20,4.04700000000001E-06,247096.614776377
-3.7,-1.11368E-05,20,4.013E-06,249190.13207077
-3.65,-1.09368E-05,20,3.96499999999998E-06,252206.80958386
-3.6,-1.07403E-05,20,3.84100000000002E-06,260348.867482425
-3.55,-1.05527E-05,20,3.84E-06,260416.666666667
-3.5,-1.03563E-05,20,3.85199999999999E-06,259605.399792316
-3.45,-1.01675E-05,20,3.8573E-06,259248.697275296
-3.4,-9.97057E-06,20,3.87119999999999E-06,258317.834263278
-3.35,-9.78038E-06,20,3.76490000000001E-06,265611.304417115
-3.3,-9.59408E-06,20,3.7039E-06,269985.69075839
-3.25,-9.40999E-06,20,3.72139999999998E-06,268716.074595583
-3.2,-9.22194E-06,20,3.68229999999999E-06,271569.399560058
-3.15,-9.04176E-06,20,3.60870000000001E-06,277108.099869758
-3.1,-8.86107E-06,20,3.60270000000001E-06,277569.600577344
-3.05,-8.68149E-06,20,3.57539999999999E-06,279688.985847738
-3,-8.50353E-06,20,3.6037E-06,277492.577073563
-2.95,-8.32112E-06,20,3.54860000000001E-06,281801.273741757
-2.9,-8.14867E-06,20,3.47129999999999E-06,288076.513121886
-2.85,-7.97399E-06,20,3.4666E-06,288467.085905498
-2.8,-7.80201E-06,20,3.4688E-06,288284.132841328
-2.75,-7.62711E-06,20,3.5243E-06,283744.289646171
-2.7,-7.44958E-06,20,3.4737E-06,287877.479344791
-2.65,-7.27974E-06,20,3.4552E-06,289418.846955314
-2.6,-7.10406E-06,20,3.45740000000001E-06,289234.685023427
-2.55,-6.934E-06,20,3.4388E-06,290799.115970687
-2.5,-6.76018E-06,20,3.4614E-06,288900.444906685
-2.45,-6.58786E-06,20,3.46939999999999E-06,288234.2768202
-2.4,-6.41324E-06,20,3.508E-06,285062.713797036
-2.35,-6.23706E-06,20,3.50420000000002E-06,285371.839506876
-2.3,-6.06282E-06,20,3.4477E-06,290048.438089161
-2.25,-5.89229E-06,20,3.4581E-06,289176.13718516
-2.2,-5.71701E-06,20,3.49629999999999E-06,286016.646168808
-2.15,-5.54266E-06,20,3.5363E-06,282781.438226395
-2.1,-5.36338E-06,20,3.5598E-06,280914.658126861
-2.05,-5.18668E-06,20,3.54789999999999E-06,281856.873079851
-2,-5.00859E-06,20,3.5867E-06,278807.817771211
-1.95,-4.82801E-06,20,3.63700000000001E-06,274951.883420401
-1.9,-4.64489E-06,20,3.67770000000001E-06,271909.073605785
-1.85,-4.46024E-06,20,3.7297E-06,268118.079202081
-1.8,-4.27192E-06,20,3.7911E-06,263775.685157342
-1.75,-4.08113E-06,20,3.7912E-06,263768.727579658
-1.7,-3.8928E-06,20,3.8362E-06,260674.625931912
-1.65,-3.69751E-06,20,3.90550000000001E-06,256049.161438996
-1.6,-3.50225E-06,20,3.9341E-06,254187.743067029
-1.55,-3.3041E-06,20,3.9988E-06,250075.022506752
-1.5,-3.10237E-06,20,4.029E-06,248200.546041202
-1.45,-2.9012E-06,20,4.0425E-06,247371.675943104
-1.4,-2.69812E-06,20,4.0649E-06,246008.511894511
-1.35,-2.49471E-06,20,4.0661E-06,245935.909102088
-1.3,-2.29151E-06,20,4.0519E-06,246797.798563637
-1.25,-2.08952E-06,20,4.0157E-06,249022.586348582
-1.2,-1.88994E-06,20,3.95730000000001E-06,252697.546306825
-1.15,-1.69379E-06,20,3.878E-06,257864.878803507
-1.1,-1.50214E-06,20,3.7775E-06,264725.347452019
-1.05,-1.31604E-06,20,3.622E-06,276090.557702927
-1,-1.13994E-06,20,3.4241E-06,292047.545340381
-0.95,-9.7363E-07,20,3.2203E-06,310530.074837748
-0.9,-8.1791E-07,20,2.9877E-06,334705.62640158
-0.85,-6.7486E-07,20,2.7082E-06,369248.947640499
-0.8,-5.4709E-07,20,2.40453E-06,415881.689976835
-0.75,-4.34407E-07,20,2.11109E-06,473688.94741579
-0.7,-3.35981E-07,20,1.80949E-06,552641.90462506
-0.65,-2.53458E-07,20,1.50533E-06,664306.165425522
-0.6,-1.85448E-07,20,1.23092E-06,812400.480941085
-0.55,-1.30366E-07,20,9.7569E-07,1024915.70068362
-0.5,-8.7879E-08,20,7.2889E-07,1371949.12812633
-0.45,-5.7477E-08,20,5.2452E-07,1906504.99504309
-0.4,-3.5427E-08,20,3.7167E-07,2690558.8290688
-0.35,-2.031E-08,20,2.4212E-07,4130183.38014208
-0.3,-1.1215E-08,20,1.4667E-07,6818026.86302584
-0.25,-5.643E-09,20,9.028E-08,11076650.4209127
-0.2,-2.187E-09,20,5.331E-08,18758206.715438
-0.15,-3.12E-10,20,2.25E-08,44444444.4444445
-0.1,6.3E-11,20,9.09E-09,110011001.10011
-0.05,5.97E-10,20,1.329E-08,75244544.7705041
0,1.392E-09,20,5.68E-09,176056338.028169
0.05,1.165E-09,20,-2.13E-09,-469483568.075117
0.1,1.179E-09,20,7.47E-09,133868808.567604
0.15,1.912E-09,20,1.004E-08,99601593.625498
0.2,2.183E-09,20,1.29E-09,775193798.449613
0.25,2.041E-09,20,1.472E-08,67934782.6086956
0.3,3.655E-09,20,1.553E-08,64391500.3219575
0.35,3.594E-09,20,1.04E-09,961538461.538461
0.4,3.759E-09,20,8.87E-09,112739571.589628
0.45,4.481E-09,20,1.936E-08,51652892.5619835
0.5,5.695E-09,20,-1.687E-08,-59276822.7623
0.55,2.794E-09,20,2.178E-08,45913682.2773186
0.6,7.873E-09,20,5.608E-08,17831669.0442225
0.65,8.402E-09,20,1.203E-08,83125519.5344972
0.7,9.076E-09,20,2.016E-08,49603174.6031746
0.75,1.0418E-08,20,3.119E-08,32061558.1917281
0.8,1.2195E-08,20,6.02000000000001E-09,166112956.810631
0.85,1.102E-08,20,2.486E-08,40225261.4641995
0.9,1.4681E-08,20,6.10999999999999E-08,16366612.111293
0.95,1.713E-08,20,4.22E-08,23696682.464455
1,1.8901E-08,20,3.478E-08,28752156.4117309
1.05,2.0608E-08,20,4.206E-08,23775558.7256301
1.1,2.3107E-08,20,5.035E-08,19860973.1876862
1.15,2.5643E-08,20,4.615E-08,21668472.3726977
1.2,2.7722E-08,20,4.516E-08,22143489.8139947
1.25,3.0159E-08,20,5.70399999999999E-08,17531556.8022441
1.3,3.3426E-08,20,6.23099999999999E-08,16048788.3164821
1.35,3.639E-08,20,5.412E-08,18477457.5018478
1.4,3.8838E-08,20,6.30700000000001E-08,15855398.7632789
1.45,4.2697E-08,20,7.57800000000001E-08,13196093.956189
1.5,4.6416E-08,20,6.96499999999999E-08,14357501.7946877
1.55,4.9662E-08,20,7.052E-08,14180374.3618832
1.6,5.3468E-08,20,8.01799999999999E-08,12471938.1391868
1.65,5.768E-08,20,8.81300000000001E-08,11346873.9362306
1.7,6.2281E-08,20,8.27800000000001E-08,12080212.6117419
1.75,6.5958E-08,20,8.83399999999999E-08,11319900.3848766
1.8,7.1115E-08,20,1.0355E-07,9657170.44905843
1.85,7.6313E-08,20,9.925E-08,10075566.7506297
1.9,8.104E-08,20,1.001E-07,9990009.99000998
1.95,8.6323E-08,20,1.0926E-07,9152480.32216729
2,9.1966E-08,20,1.1566E-07,8646031.47155455
2.05,9.7889E-08,20,1.1525E-07,8676789.58785251
2.1,1.03491E-07,20,1.231E-07,8123476.84809099
2.15,1.10199E-07,20,1.3641E-07,7330840.84744521
2.2,1.17132E-07,20,1.3245E-07,7550018.87504719
2.25,1.23444E-07,20,1.2365E-07,8087343.30772343
2.3,1.29497E-07,20,1.4844E-07,6736728.6445702
2.35,1.38288E-07,20,1.60370000000001E-07,6235580.22073952
2.4,1.45534E-07,20,1.4676E-07,6813845.73453258
2.45,1.52964E-07,20,2.2854E-07,4375601.64522622
2.5,1.68388E-07,20,1.8098E-07,5525472.42789259
2.55,1.71062E-07,20,1.1388E-07,8781173.1647348
2.6,1.79776E-07,20,1.82790000000001E-07,5470758.79424474
2.65,1.89341E-07,20,1.9475E-07,5134788.18998717
2.7,1.99251E-07,20,1.8123E-07,5517850.24554435
2.75,2.07464E-07,20,2.5223E-07,3964635.45177021
2.8,2.24474E-07,20,2.0968E-07,4769172.07172835
2.85,2.28432E-07,20,1.3673E-07,7313683.90258171
2.9,2.38147E-07,20,2.1515E-07,4647920.05577504
2.95,2.49947E-07,20,2.4267E-07,4120822.51617423
3,2.62414E-07,20,2.2908E-07,4365287.23590013
3.05,2.72855E-07,20,3.2546E-07,3072574.202667
3.1,2.9496E-07,20,2.58680000000001E-07,3865780.11442708
3.15,2.98723E-07,20,1.6436E-07,6084205.4027744
3.2,3.11396E-07,20,3.547E-07,2819283.90188892
3.25,3.34193E-07,20,3.01E-07,3322259.13621263
3.3,3.41496E-07,20,2.1237E-07,4708763.00795781
3.35,3.5543E-07,20,2.94730000000001E-07,3392935.90744069
3.4,3.70969E-07,20,3.3144E-07,3017137.34009172
3.45,3.88574E-07,20,3.19729999999999E-07,3127638.94536015
3.5,4.02942E-07,20,3.2196E-07,3105975.89762703
3.55,4.2077E-07,20,3.4148E-07,2928429.19058217
3.6,4.3709E-07,20,3.30700000000001E-07,3023888.72089506
3.65,4.5384E-07,20,3.492E-07,2863688.43069874
3.7,4.7201E-07,20,3.782E-07,2644103.64886304
3.75,4.9166E-07,20,3.601E-07,2777006.38711469
3.8,5.0802E-07,20,3.543E-07,2822466.83601468
3.85,5.2709E-07,20,4.16300000000002E-07,2402113.86019696
3.9,5.4965E-07,20,4.55099999999999E-07,2197319.27049
3.95,5.726E-07,20,4.52299999999999E-07,2210921.95445501
4,5.9488E-07,20,4.41700000000002E-07,2263980.07697531
4.05,6.1677E-07,20,4.58100000000002E-07,2182929.49137742
4.1,6.4069E-07,20,5.10399999999997E-07,1959247.64890283
4.15,6.6781E-07,20,5.14799999999997E-07,1942501.94250196
4.2,6.9217E-07,20,5.18900000000002E-07,1927153.59414145
4.25,7.197E-07,20,5.27000000000002E-07,1897533.20683111
4.3,7.4487E-07,20,5.20399999999998E-07,1921598.7701768
4.35,7.7174E-07,20,6.00699999999997E-07,1664724.48809723
4.4,8.0494E-07,20,5.79700000000001E-07,1725030.18802829
4.45,8.2971E-07,20,5.95900000000003E-07,1678133.91508642
4.5,8.6453E-07,20,6.65500000000003E-07,1502629.60180315
4.55,8.9626E-07,20,5.87899999999997E-07,1700969.55264502
4.6,9.2332E-07,20,6.70099999999998E-07,1492314.57991345
4.65,9.6327E-07,20,7.42600000000002E-07,1346619.98384056
4.7,9.9758E-07,20,7.25100000000003E-07,1379120.12136257
4.75,1.03578E-06,20,6.67500000000003E-07,1498127.34082396
4.8,1.06433E-06,20,7.21699999999996E-07,1385617.29250382
4.85,1.10795E-06,20,8.06999999999995E-07,1239157.37298638
4.9,1.14503E-06,20,8.02900000000003E-07,1245485.11645285
4.95,1.18824E-06,20,8.12500000000004E-07,1230769.23076923
5,1.22628E-06,20,7.60800000000001E-07,1314405.88853838
-5,-1.78348E-05,40,6.296E-06,158831.003811944
-4.95,-1.752E-05,40,6.27900000000003E-06,159261.028826245
-4.9,-1.72069E-05,40,6.02400000000002E-06,166002.656042496
-4.85,-1.69176E-05,40,5.87499999999994E-06,170212.765957448
-4.8,-1.66194E-05,40,5.86099999999998E-06,170619.34823409
-4.75,-1.63315E-05,40,5.48000000000004E-06,182481.751824816
-4.7,-1.60714E-05,40,5.25400000000002E-06,190331.176246669
-4.65,-1.58061E-05,40,5.28200000000001E-06,189322.226429382
-4.6,-1.55432E-05,40,5.17899999999998E-06,193087.468623287
-4.55,-1.52882E-05,40,5.08199999999997E-06,196772.924045653
-4.5,-1.5035E-05,40,5.15200000000002E-06,194099.378881987
-4.45,-1.4773E-05,40,5.03200000000002E-06,198728.13990461
-4.4,-1.45318E-05,40,4.78900000000001E-06,208811.860513677
-4.35,-1.42941E-05,40,4.79899999999998E-06,208376.745155242
-4.3,-1.40519E-05,40,4.81799999999999E-06,207555.002075551
-4.25,-1.38123E-05,40,4.67900000000001E-06,213720.880530027
-4.2,-1.3584E-05,40,4.49400000000001E-06,222518.914107699
-4.15,-1.33629E-05,40,4.51699999999997E-06,221385.875581139
-4.1,-1.31323E-05,40,4.55799999999997E-06,219394.471259325
-4.05,-1.29071E-05,40,4.46300000000003E-06,224064.530584807
-4,-1.2686E-05,40,4.34800000000001E-06,229990.800367985
-3.95,-1.24723E-05,40,4.27599999999999E-06,233863.423760525
-3.9,-1.22584E-05,40,4.26200000000001E-06,234631.6283435
-3.85,-1.20461E-05,40,4.17900000000001E-06,239291.696578128
-3.8,-1.18405E-05,40,4.12199999999999E-06,242600.679281903
-3.75,-1.16339E-05,40,4.12400000000001E-06,242483.026188166
-3.7,-1.14281E-05,40,4.17799999999999E-06,239348.970799426
-3.65,-1.12161E-05,40,4.12299999999999E-06,242541.838467136
-3.6,-1.10158E-05,40,3.94500000000002E-06,253485.424588085
-3.55,-1.08216E-05,40,3.943E-06,253613.999492772
-3.5,-1.06215E-05,40,3.98929999999999E-06,250670.54370441
-3.45,-1.042267E-05,40,3.84149999999998E-06,260314.981127165
-3.4,-1.023735E-05,40,3.72419999999999E-06,268514.043284464
-3.35,-1.005025E-05,40,3.82880000000001E-06,261178.437108232
-3.3,-9.85447E-06,40,3.78199999999999E-06,264410.364886304
-3.25,-9.67205E-06,40,3.6695E-06,272516.691647364
-3.2,-9.48752E-06,40,3.6657E-06,272799.19251439
-3.15,-9.30548E-06,40,3.68520000000001E-06,271355.693042439
-3.1,-9.119E-06,40,3.62140000000002E-06,276136.300878112
-3.05,-8.94334E-06,40,3.57079999999999E-06,280049.288674808
-3,-8.76192E-06,40,3.6504E-06,273942.581634889
-2.95,-8.5783E-06,40,3.59870000000001E-06,277878.122655403
-2.9,-8.40205E-06,40,3.50499999999999E-06,285306.704707561
-2.85,-8.2278E-06,40,3.5161E-06,284406.018031341
-2.8,-8.05044E-06,40,3.5826E-06,279126.891084687
-2.75,-7.86954E-06,40,3.5468E-06,281944.287808729
-2.7,-7.69576E-06,40,3.4666E-06,288467.085905498
-2.65,-7.52288E-06,40,3.46119999999999E-06,288917.13856466
-2.6,-7.34964E-06,40,3.46530000000002E-06,288575.303725506
-2.55,-7.17635E-06,40,3.4484E-06,289989.560375827
-2.5,-7.0048E-06,40,3.39529999999999E-06,294524.784260596
-2.45,-6.83682E-06,40,3.4065E-06,293556.436224864
-2.4,-6.66415E-06,40,3.4644E-06,288650.271331255
-2.35,-6.49038E-06,40,3.44110000000001E-06,290604.748481589
-2.3,-6.32004E-06,40,3.3971E-06,294368.726266522
-2.25,-6.15067E-06,40,3.42609999999999E-06,291877.061381746
-2.2,-5.97743E-06,40,3.4643E-06,288658.603469677
-2.15,-5.80424E-06,40,3.4597E-06,289042.40252045
-2.1,-5.63146E-06,40,3.4569E-06,289276.519424918
-2.05,-5.45855E-06,40,3.4791E-06,287430.657353913
-2,-5.28355E-06,40,3.5161E-06,284406.018031341
-1.95,-5.10694E-06,40,3.5408E-06,282422.051513782
-1.9,-4.92947E-06,40,3.5432E-06,282230.751862723
-1.85,-4.75262E-06,40,3.602E-06,277623.542476402
-1.8,-4.56927E-06,40,3.666E-06,272776.86852155
-1.75,-4.38602E-06,40,3.68979999999999E-06,271017.399317037
-1.7,-4.20029E-06,40,3.72620000000001E-06,268369.921099243
-1.65,-4.0134E-06,40,3.7638E-06,265688.931399118
-1.6,-3.82391E-06,40,3.8269E-06,261308.108390604
-1.55,-3.63071E-06,40,3.8764E-06,257971.313589929
-1.5,-3.43627E-06,40,3.8978E-06,256554.979732157
-1.45,-3.24093E-06,40,3.94210000000001E-06,253671.900763552
-1.4,-3.04206E-06,40,3.9762E-06,251496.403601428
-1.35,-2.84331E-06,40,4.0062E-06,249613.099695472
-1.3,-2.64144E-06,40,4.037E-06,247708.69457518
-1.25,-2.43961E-06,40,4.0181E-06,248873.84584754
-1.2,-2.23963E-06,40,3.99470000000001E-06,250331.689488572
-1.15,-2.04014E-06,40,3.96810000000001E-06,252009.777979385
-1.1,-1.84282E-06,40,3.90769999999999E-06,255905.008061008
-1.05,-1.64937E-06,40,3.8131E-06,262253.809236579
-1,-1.46151E-06,40,3.7115E-06,269432.843863667
-0.95,-1.27822E-06,40,3.5641E-06,280575.741421396
-0.9,-1.1051E-06,40,3.3616E-06,297477.39171823
-0.85,-9.4206E-07,40,3.1565E-06,316806.589577063
-0.8,-7.8945E-07,40,2.916E-06,342935.528120713
-0.75,-6.5046E-07,40,2.645E-06,378071.833648393
-0.7,-5.2495E-07,40,2.36E-06,423728.813559322
-0.65,-4.1446E-07,40,2.23139E-06,448151.152420689
-0.6,-3.01811E-07,40,1.86989E-06,534790.816572098
-0.55,-2.27471E-07,40,1.40728E-06,710590.642942414
-0.5,-1.61083E-07,40,1.14314E-06,874783.491085957
-0.45,-1.13157E-07,40,8.6049E-07,1162128.55466072
-0.4,-7.5034E-08,40,6.566E-07,1522997.25860493
-0.35,-4.7497E-08,40,4.6677E-07,2142382.75810356
-0.3,-2.8357E-08,40,3.1999E-07,3125097.65930185
-0.25,-1.5498E-08,40,2.0701E-07,4830684.50799478
-0.2,-7.656E-09,40,1.2093E-07,8269246.67162821
-0.15,-3.405E-09,40,6.537E-08,15297537.0965275
-0.1,-1.119E-09,40,4.068E-08,24582104.2281219
-0.05,6.63E-10,40,2.029E-08,49285362.2474125
0,9.1E-10,40,4.94E-09,202429149.797571
0.05,1.157E-09,40,1.065E-08,93896713.6150235
0.1,1.975E-09,40,1.453E-08,68823124.5698555
0.15,2.61E-09,40,9.19E-09,108813928.182807
0.2,2.894E-09,40,1.288E-08,77639751.5527951
0.25,3.898E-09,40,2.354E-08,42480883.6023789
0.3,5.248E-09,40,2.367E-08,42247570.764681
0.35,6.265E-09,40,2.376E-08,42087542.0875421
0.4,7.624E-09,40,3.598E-08,27793218.454697
0.45,9.863E-09,40,4.078E-08,24521824.4237371
0.5,1.1702E-08,40,3.709E-08,26961445.1334592
0.55,1.3572E-08,40,5.068E-08,19731649.5659037
0.6,1.677E-08,40,6.293E-08,15890672.175433
0.65,1.9865E-08,40,6.07499999999999E-08,16460905.3497943
0.7,2.2845E-08,40,6.866E-08,14564520.8272648
0.75,2.6731E-08,40,8.525E-08,11730205.2785924
0.8,3.137E-08,40,6.929E-08,14432096.9836917
0.85,3.366E-08,40,8.669E-08,11535355.8657285
0.9,4.0039E-08,40,1.2554E-07,7965588.65700176
0.95,4.6214E-08,40,1.2113E-07,8255593.16436886
1,5.2152E-08,40,1.2283E-07,8141333.55043556
1.05,5.8497E-08,40,1.401E-07,7137758.74375447
1.1,6.6162E-08,40,1.5609E-07,6406560.3177654
1.15,7.4106E-08,40,1.6098E-07,6211951.79525406
1.2,8.226E-08,40,1.7161E-07,5827166.24905308
1.25,9.1267E-08,40,1.9064E-07,5245488.87956358
1.3,1.01324E-07,40,2.0242E-07,4940223.29809308
1.35,1.11509E-07,40,2.0863E-07,4793174.51948426
1.4,1.22187E-07,40,2.2846E-07,4377133.85275321
1.45,1.34355E-07,40,2.4845E-07,4024954.71925941
1.5,1.47032E-07,40,2.5726E-07,3887118.0906476
1.55,1.60081E-07,40,2.6636E-07,3754317.46508485
1.6,1.73668E-07,40,3.2513E-07,3075692.79980316
1.65,1.92594E-07,40,3.0667E-07,3260834.12136824
1.7,2.04335E-07,40,2.7315E-07,3660992.12886692
1.75,2.19909E-07,40,3.8069E-07,2626809.21484673
1.8,2.42404E-07,40,3.6438E-07,2744387.72709809
1.85,2.56347E-07,40,3.15819999999999E-07,3166360.58514344
1.9,2.73986E-07,40,3.77510000000001E-07,2648936.45201451
1.95,2.94098E-07,40,4.09930000000001E-07,2439440.88015026
2,3.14979E-07,40,4.1538E-07,2407434.15667581
2.05,3.35636E-07,40,4.9578E-07,2017023.679858
2.1,3.64557E-07,40,4.70059999999999E-07,2127387.99302217
2.15,3.82642E-07,40,4.19079999999999E-07,2386179.24978525
2.2,4.06465E-07,40,4.7438E-07,2108014.67178212
2.25,4.3008E-07,40,4.8755E-07,2051071.68495539
2.3,4.5522E-07,40,5.17399999999999E-07,1932740.62620797
2.35,4.8182E-07,40,5.40700000000003E-07,1849454.41094876
2.4,5.0929E-07,40,5.608E-07,1783166.90442225
2.45,5.379E-07,40,5.91999999999999E-07,1689189.18918919
2.5,5.6849E-07,40,6.19299999999999E-07,1614726.30389149
2.55,5.9983E-07,40,6.48799999999999E-07,1541307.02836005
2.6,6.3337E-07,40,6.76700000000003E-07,1477759.71627013
2.65,6.675E-07,40,6.95399999999999E-07,1438021.28271499
2.7,7.0291E-07,40,6.958E-07,1437194.59614832
2.75,7.3708E-07,40,7.3E-07,1369863.01369863
2.8,7.7591E-07,40,7.83599999999999E-07,1276161.30678918
2.85,8.1544E-07,40,8.08300000000002E-07,1237164.4191513
2.9,8.5674E-07,40,8.24599999999999E-07,1212709.19233568
2.95,8.979E-07,40,8.53E-07,1172332.94255569
3,9.4204E-07,40,8.74199999999998E-07,1143902.99702585
3.05,9.8532E-07,40,9.159E-07,1091822.25133748
3.1,1.03363E-06,40,9.64500000000005E-07,1036806.63556246
3.15,1.08177E-06,40,9.83899999999998E-07,1016363.45157028
3.2,1.13202E-06,40,1.0054E-06,994629.00338174
3.25,1.18231E-06,40,1.0354E-06,965810.314854164
3.3,1.23556E-06,40,1.0638E-06,940026.320736981
3.35,1.28869E-06,40,1.08570000000001E-06,921064.750851981
3.4,1.34413E-06,40,1.1319E-06,883470.271225374
3.45,1.40188E-06,40,1.1927E-06,838433.805651044
3.5,1.4634E-06,40,1.1999E-06,833402.783565297
3.55,1.52187E-06,40,1.2254E-06,816060.062020566
3.6,1.58594E-06,40,1.288E-06,776397.515527948
3.65,1.65067E-06,40,1.3265E-06,753863.550697325
3.7,1.71859E-06,40,1.3618E-06,734322.220590396
3.75,1.78685E-06,40,1.3868E-06,721084.511104701
3.8,1.85727E-06,40,1.4346E-06,697058.413495051
3.85,1.93031E-06,40,1.4617E-06,684134.911404527
3.9,2.00344E-06,40,1.506E-06,664010.624169988
3.95,2.08091E-06,40,1.5412E-06,648845.055800675
4,2.15756E-06,40,1.56460000000001E-06,639140.994503384
4.05,2.23737E-06,40,1.64110000000001E-06,609347.388946436
4.1,2.32167E-06,40,1.66779999999999E-06,599592.277251473
4.15,2.40415E-06,40,1.67839999999999E-06,595805.529075312
4.2,2.48951E-06,40,1.75490000000001E-06,569833.038919595
4.25,2.57964E-06,40,1.83410000000001E-06,545226.541628044
4.3,2.67292E-06,40,1.89099999999999E-06,528820.72977261
4.35,2.76874E-06,40,1.92759999999999E-06,518779.829840219
4.4,2.86568E-06,40,1.94150000000001E-06,515065.670873034
4.45,2.96289E-06,40,1.98840000000001E-06,502916.918125124
4.5,3.06452E-06,40,2.08100000000001E-06,480538.202787119
4.55,3.17099E-06,40,2.13829999999999E-06,467661.226207738
4.6,3.27835E-06,40,2.17779999999999E-06,459178.987969513
4.65,3.38877E-06,40,2.26300000000001E-06,441891.294741492
4.7,3.50465E-06,40,2.30600000000001E-06,433651.344319166
4.75,3.61937E-06,40,2.29020000000001E-06,436643.087939916
4.8,3.73367E-06,40,2.36669999999999E-06,422529.260151268
4.85,3.85604E-06,40,2.51179999999999E-06,398120.869495981
4.9,3.98485E-06,40,2.56260000000001E-06,390228.674002964
4.95,4.1123E-06,40,2.59930000000001E-06,384718.962797675
5,4.24478E-06,40,2.64960000000002E-06,377415.458937196
-5,-1.81976E-05,60,6.572E-06,152160.681679854
-4.95,-1.7869E-05,60,6.38900000000001E-06,156519.017060573
-4.9,-1.75587E-05,60,6.29700000000004E-06,158805.78053041
-4.85,-1.72393E-05,60,6.16599999999997E-06,162179.695102174
-4.8,-1.69421E-05,60,5.76799999999995E-06,173370.319001389
-4.75,-1.66625E-05,60,5.55100000000003E-06,180147.721131327
-4.7,-1.6387E-05,60,5.49200000000003E-06,182083.029861616
-4.65,-1.61133E-05,60,5.40600000000001E-06,184979.652238253
-4.6,-1.58464E-05,60,5.33999999999996E-06,187265.917602998
-4.55,-1.55793E-05,60,5.19999999999999E-06,192307.692307693
-4.5,-1.53264E-05,60,5.16300000000002E-06,193685.841564981
-4.45,-1.5063E-05,60,5.05800000000001E-06,197706.603400553
-4.4,-1.48206E-05,60,4.84700000000002E-06,206313.183412419
-4.35,-1.45783E-05,60,4.89399999999996E-06,204331.834899879
-4.3,-1.43312E-05,60,4.94599999999998E-06,202183.582693086
-4.25,-1.40837E-05,60,4.75400000000002E-06,210349.179638198
-4.2,-1.38558E-05,60,4.62900000000002E-06,216029.379995679
-4.15,-1.36208E-05,60,4.60299999999997E-06,217249.619813167
-4.1,-1.33955E-05,60,4.56599999999998E-06,219010.074463426
-4.05,-1.31642E-05,60,4.56800000000002E-06,218914.185639228
-4,-1.29387E-05,60,4.45100000000002E-06,224668.613794652
-3.95,-1.27191E-05,60,4.381E-06,228258.388495777
-3.9,-1.25006E-05,60,4.257E-06,234907.211651398
-3.85,-1.22934E-05,60,4.23000000000001E-06,236406.619385342
-3.8,-1.20776E-05,60,4.23599999999998E-06,236071.765816809
-3.75,-1.18698E-05,60,4.20700000000001E-06,237699.072973615
-3.7,-1.16569E-05,60,4.17700000000001E-06,239406.272444338
-3.65,-1.14521E-05,60,4.042E-06,247402.27610094
-3.6,-1.12527E-05,60,4.00700000000001E-06,249563.264287496
-3.55,-1.10514E-05,60,4.049E-06,246974.561620153
-3.5,-1.08478E-05,60,3.974E-06,251635.631605435
-3.45,-1.0654E-05,60,3.87E-06,258397.932816538
-3.4,-1.04608E-05,60,3.878E-06,257864.878803507
-3.35,-1.02662E-05,60,3.83900000000001E-06,260484.501172179
-3.3,-1.00769E-05,60,3.80819999999999E-06,262591.250459535
-3.25,-9.88538E-06,60,3.78249999999999E-06,264375.413086584
-3.2,-9.69865E-06,60,3.69049999999999E-06,270965.993767783
-3.15,-9.51633E-06,60,3.69049999999999E-06,270965.993767783
-3.1,-9.3296E-06,60,3.73380000000002E-06,267823.664899029
-3.05,-9.14295E-06,60,3.6814E-06,271635.790731787
-3,-8.96146E-06,60,3.55359999999999E-06,281404.772624945
-2.95,-8.78759E-06,60,3.5412E-06,282390.15023156
-2.9,-8.60734E-06,60,3.66439999999999E-06,272895.972055453
-2.85,-8.42115E-06,60,3.59590000000001E-06,278094.496509913
-2.8,-8.24775E-06,60,3.4891E-06,286606.861368261
-2.75,-8.07224E-06,60,3.4521E-06,289678.746270386
-2.7,-7.90254E-06,60,3.4485E-06,289981.15122517
-2.65,-7.72739E-06,60,3.51339999999999E-06,284624.580178745
-2.6,-7.5512E-06,60,3.47670000000002E-06,287629.073546753
-2.55,-7.37972E-06,60,3.4684E-06,288317.379771653
-2.5,-7.20436E-06,60,3.45779999999999E-06,289201.2262132
-2.45,-7.03394E-06,60,3.4214E-06,292278.014847723
-2.4,-6.86222E-06,60,3.4397E-06,290723.028171062
-2.35,-6.68997E-06,60,3.43120000000001E-06,291443.226859407
-2.3,-6.5191E-06,60,3.4163E-06,292714.340075521
-2.25,-6.34834E-06,60,3.4352E-06,291103.865859339
-2.2,-6.17558E-06,60,3.4589E-06,289109.254387233
-2.15,-6.00245E-06,60,3.453E-06,289603.243556327
-2.1,-5.83028E-06,60,3.484E-06,287026.406429392
-2.05,-5.65405E-06,60,3.50209999999999E-06,285542.959938323
-2,-5.48007E-06,60,3.49420000000001E-06,286188.541010817
-1.95,-5.30463E-06,60,3.52720000000001E-06,283511.000226808
-1.9,-5.12735E-06,60,3.5486E-06,281801.273741757
-1.85,-4.94977E-06,60,3.55019999999999E-06,281674.271872008
-1.8,-4.77233E-06,60,3.5874E-06,278753.41472933
-1.75,-4.59103E-06,60,3.6454E-06,274318.318977342
-1.7,-4.40779E-06,60,3.6905E-06,270965.993767782
-1.65,-4.22198E-06,60,3.72890000000001E-06,268175.601383785
-1.6,-4.0349E-06,60,3.7683E-06,265371.653000027
-1.55,-3.84515E-06,60,3.85569999999999E-06,259356.277718703
-1.5,-3.64933E-06,60,3.9055E-06,256049.161438996
-1.45,-3.4546E-06,60,3.9085E-06,255852.628885762
-1.4,-3.25848E-06,60,3.94970000000001E-06,253183.786110337
-1.35,-3.05963E-06,60,4.0061E-06,249619.330520956
-1.3,-2.85787E-06,60,4.0326E-06,247978.971383227
-1.25,-2.65637E-06,60,4.0246E-06,248471.897828356
-1.2,-2.45541E-06,60,4.03730000000001E-06,247690.288063805
-1.15,-2.25264E-06,60,4.03960000000001E-06,247549.262303198
-1.1,-2.05145E-06,60,3.9975E-06,250156.347717324
-1.05,-1.85289E-06,60,3.93589999999999E-06,254071.495718896
-1,-1.65786E-06,60,3.8526E-06,259564.969111769
-0.95,-1.46763E-06,60,3.7278E-06,268254.734696067
-0.9,-1.28508E-06,60,3.576E-06,279642.058165548
-0.85,-1.11003E-06,60,3.4247E-06,291996.379244897
-0.8,-9.4261E-07,60,3.2136E-06,311177.495643515
-0.75,-7.8867E-07,60,2.9369E-06,340495.079846096
-0.7,-6.4892E-07,60,2.6703E-06,374489.757705127
-0.65,-5.2164E-07,60,2.38305E-06,419630.305700678
-0.6,-4.10615E-07,60,2.07264E-06,482476.455148988
-0.55,-3.14376E-07,60,1.90376E-06,525276.295331344
-0.5,-2.20239E-07,60,1.55109E-06,644707.915079074
-0.45,-1.59267E-07,60,1.10721E-06,903171.033498613
-0.4,-1.09518E-07,60,8.7375E-07,1144492.13161659
-0.35,-7.1892E-08,60,6.5054E-07,1537184.49288284
-0.3,-4.4464E-08,60,4.6525E-07,2149382.05265986
-0.25,-2.5367E-08,60,3.1026E-07,3223103.20376458
-0.2,-1.3438E-08,60,1.8922E-07,5284853.60955502
-0.15,-6.445E-09,60,1.1151E-07,8967805.57797507
-0.1,-2.287E-09,60,6.355E-08,15735641.22738
-0.05,-9E-11,60,3.142E-08,31826861.8714195
0,8.55E-10,60,1.761E-08,56785917.092561
0.05,1.671E-09,60,1.948E-08,51334702.2587269
0.1,2.803E-09,60,8.20000000000001E-10,1219512195.12195
0.15,1.753E-09,60,1.657E-08,60350030.1750151
0.2,4.46E-09,60,4.593E-08,21772262.1380361
0.25,6.346E-09,60,3.938E-08,25393600.8125952
0.3,8.398E-09,60,4.266E-08,23441162.681669
0.35,1.0612E-08,60,6.163E-08,16225864.0272595
0.4,1.4561E-08,60,6.91E-08,14471780.0289436
0.45,1.7522E-08,60,6.809E-08,14686444.4118079
0.5,2.137E-08,60,8.768E-08,11405109.4890511
0.55,2.629E-08,60,1.0902E-07,9172628.8754357
0.6,3.2272E-08,60,1.2237E-07,8171937.56639699
0.65,3.8527E-08,60,1.3463E-07,7427764.98551587
0.7,4.5735E-08,60,1.7434E-07,5735918.32052311
0.75,5.5961E-08,60,1.791E-07,5583472.92015634
0.8,6.3645E-08,60,1.7895E-07,5588153.11539536
0.85,7.3856E-08,60,2.1882E-07,4569966.18225025
0.9,8.5527E-08,60,2.4579E-07,4068513.77191912
0.95,9.8435E-08,60,2.6993E-07,3704664.17219279
1,1.1252E-07,60,2.9498E-07,3390060.34307411
1.05,1.27933E-07,60,3.2647E-07,3063068.58210556
1.1,1.45167E-07,60,3.4234E-07,2921072.61786528
1.15,1.62167E-07,60,3.75010000000001E-07,2666595.5574518
1.2,1.82668E-07,60,4.23530000000001E-07,2361107.83179467
1.25,2.0452E-07,60,4.49449999999999E-07,2224941.59528313
1.3,2.27613E-07,60,4.7957E-07,2085201.32618805
1.35,2.52477E-07,60,5.6917E-07,1756944.32243442
1.4,2.8453E-07,60,5.6711E-07,1763326.33880552
1.45,3.09188E-07,60,5.4818E-07,1824218.32244883
1.5,3.39348E-07,60,6.84059999999999E-07,1461860.07075403
1.55,3.77594E-07,60,6.837E-07,1462629.8083955
1.6,4.07718E-07,60,6.2606E-07,1597290.99447337
1.65,4.402E-07,60,7.24020000000002E-07,1381177.31554377
1.7,4.8012E-07,60,7.93500000000001E-07,1260239.44549464
1.75,5.1955E-07,60,8.13699999999999E-07,1228954.16000983
1.8,5.6149E-07,60,8.67599999999999E-07,1152604.88704472
1.85,6.0631E-07,60,9.15199999999999E-07,1092657.34265734
1.9,6.5301E-07,60,9.85100000000001E-07,1015125.36798295
1.95,7.0482E-07,60,1.0566E-06,946431.951542683
2,7.5867E-07,60,1.0846E-06,921998.893601326
2.05,8.1328E-07,60,1.1401E-06,877116.042452417
2.1,8.7268E-07,60,1.2152E-06,822909.809084925
2.15,9.348E-07,60,1.2492E-06,800512.32788985
2.2,9.976E-07,60,1.3048E-06,766400.980993257
2.25,1.06528E-06,60,1.3799E-06,724690.194941664
2.3,1.13559E-06,60,1.4416E-06,693673.695893452
2.35,1.20944E-06,60,1.50560000000001E-06,664187.035069073
2.4,1.28615E-06,60,1.5811E-06,632471.064448802
2.45,1.36755E-06,60,1.6361E-06,611209.583766274
2.5,1.44976E-06,60,1.686E-06,593119.810201661
2.55,1.53615E-06,60,1.7537E-06,570222.957176257
2.6,1.62513E-06,60,1.83490000000001E-06,544988.827729029
2.65,1.71964E-06,60,1.9099E-06,523587.622388607
2.7,1.81612E-06,60,1.964E-06,509164.969450102
2.75,1.91604E-06,60,2.0295E-06,492732.200049273
2.8,2.01907E-06,60,2.1105E-06,473821.369343758
2.85,2.12709E-06,60,2.20700000000001E-06,453103.760761213
2.9,2.23977E-06,60,2.2813E-06,438346.556787797
2.95,2.35522E-06,60,2.3285E-06,429461.026411853
3,2.47262E-06,60,2.4017E-06,416371.736686514
3.05,2.59539E-06,60,2.506E-06,399042.29848364
3.1,2.72322E-06,60,2.59340000000001E-06,385594.200663221
3.15,2.85473E-06,60,2.6695E-06,374601.985390523
3.2,2.99017E-06,60,2.7264E-06,366784.037558686
3.25,3.12737E-06,60,2.8057E-06,356417.293367075
3.3,3.27074E-06,60,2.9296E-06,341343.528126707
3.35,3.42033E-06,60,3.02180000000001E-06,330928.585611224
3.4,3.57292E-06,60,3.10249999999999E-06,322320.709105561
3.45,3.73058E-06,60,3.2049E-06,312022.215981778
3.5,3.89341E-06,60,3.2764E-06,305213.038701014
3.55,4.05822E-06,60,3.36999999999999E-06,296735.905044511
3.6,4.23041E-06,60,3.47380000000002E-06,287869.192239045
3.65,4.4056E-06,60,3.5558E-06,281230.665391754
3.7,4.58599E-06,60,3.66809999999999E-06,272620.702816173
3.75,4.77241E-06,60,3.77329999999999E-06,265020.009010681
3.8,4.96332E-06,60,3.8839E-06,257473.158423234
3.85,5.1608E-06,60,3.95400000000002E-06,252908.447142133
3.9,5.35872E-06,60,4.0426E-06,247365.556819868
3.95,5.56506E-06,60,4.1679E-06,239928.981021618
4,5.77551E-06,60,4.29520000000001E-06,232818.029428198
4.05,5.99458E-06,60,4.42500000000001E-06,225988.700564971
4.1,6.21801E-06,60,4.52639999999998E-06,220926.122304702
4.15,6.44722E-06,60,4.64269999999998E-06,215391.90557219
4.2,6.68228E-06,60,4.75140000000002E-06,210464.284210969
4.25,6.92236E-06,60,4.83830000000002E-06,206684.165926048
4.3,7.16611E-06,60,4.99089999999998E-06,200364.663687913
4.35,7.42145E-06,60,5.12359999999997E-06,195175.267390117
4.4,7.67847E-06,60,5.21800000000002E-06,191644.308164047
4.45,7.94325E-06,60,5.35410000000003E-06,186772.753590705
4.5,8.21388E-06,60,5.49650000000003E-06,181933.957973255
4.55,8.4929E-06,60,5.67459999999997E-06,176223.87481056
4.6,8.78134E-06,60,5.76879999999997E-06,173346.276521981
4.65,9.06978E-06,60,5.80800000000002E-06,172176.308539944
4.7,9.36214E-06,60,5.98240000000002E-06,167156.993848622
4.75,9.66802E-06,60,6.16900000000003E-06,162100.826714215
4.8,9.97904E-06,60,6.32259999999996E-06,158162.781134344
4.85,1.030028E-05,60,6.45959999999996E-06,154808.347266086
4.9,1.0625E-05,60,6.43720000000002E-06,155347.045299198
4.95,1.0944E-05,60,6.65600000000002E-06,150240.384615384
5,1.12906E-05,60,6.93200000000001E-06,144258.511252164
-5,-1.86224E-05,80,6.95600000000003E-06,143760.782058654
-4.95,-1.82746E-05,80,6.73800000000003E-06,148411.991688928
-4.9,-1.79486E-05,80,6.40600000000001E-06,156103.652825476
-4.85,-1.7634E-05,80,6.21999999999995E-06,160771.704180066
-4.8,-1.73266E-05,80,6.08699999999997E-06,164284.540824709
-4.75,-1.70253E-05,80,5.93900000000003E-06,168378.514901498
-4.7,-1.67327E-05,80,5.64700000000004E-06,177085.177970603
-4.65,-1.64606E-05,80,5.36600000000003E-06,186358.553857621
-4.6,-1.61961E-05,80,5.47899999999996E-06,182515.057492245
-4.55,-1.59127E-05,80,5.43299999999996E-06,184060.371801952
-4.5,-1.56528E-05,80,5.28600000000002E-06,189178.96329928
-4.45,-1.53841E-05,80,5.33000000000002E-06,187617.260787992
-4.4,-1.51198E-05,80,5.12300000000002E-06,195198.126097989
-4.35,-1.48718E-05,80,5.02699999999997E-06,198925.800676349
-4.3,-1.46171E-05,80,4.93199999999998E-06,202757.502027576
-4.25,-1.43786E-05,80,4.73300000000003E-06,211282.484682019
-4.2,-1.41438E-05,80,4.81700000000001E-06,207598.090097571
-4.15,-1.38969E-05,80,4.86899999999996E-06,205380.981721094
-4.1,-1.36569E-05,80,4.67399999999998E-06,213949.507916133
-4.05,-1.34295E-05,80,4.55200000000002E-06,219683.655536027
-4,-1.32017E-05,80,4.47300000000002E-06,223563.603845293
-3.95,-1.29822E-05,80,4.438E-06,225326.723749437
-3.9,-1.27579E-05,80,4.421E-06,226193.168966297
-3.85,-1.25401E-05,80,4.25000000000002E-06,235294.117647058
-3.8,-1.23329E-05,80,4.259E-06,234796.900680911
-3.75,-1.21142E-05,80,4.23999999999999E-06,235849.056603774
-3.7,-1.19089E-05,80,4.18E-06,239234.449760766
-3.65,-1.16962E-05,80,4.19399999999999E-06,238435.860753458
-3.6,-1.14895E-05,80,4.129E-06,242189.392104626
-3.55,-1.12833E-05,80,4.074E-06,245459.008345606
-3.5,-1.10821E-05,80,4.01500000000001E-06,249066.00249066
-3.45,-1.08818E-05,80,3.989E-06,250689.395838556
-3.4,-1.06832E-05,80,4.03599999999999E-06,247770.06937562
-3.35,-1.04782E-05,80,4.03630000000001E-06,247751.653742288
-3.3,-1.027957E-05,80,3.85969999999999E-06,259087.493846673
-3.25,-1.009223E-05,80,3.74689999999999E-06,266887.293495957
-3.2,-9.90488E-06,80,3.80670000000001E-06,262694.722463025
-3.15,-9.71156E-06,80,3.81569999999999E-06,262075.110726735
-3.1,-9.52331E-06,80,3.74740000000001E-06,266851.683834124
-3.05,-9.33682E-06,80,3.6512E-06,273882.559158633
-3,-9.15819E-06,80,3.62220000000001E-06,276075.31334548
-2.95,-8.9746E-06,80,3.68199999999999E-06,271591.526344379
-2.9,-8.78999E-06,80,3.6671E-06,272695.04513103
-2.85,-8.60789E-06,80,3.54920000000002E-06,281753.634621885
-2.8,-8.43507E-06,80,3.5143E-06,284551.688814273
-2.75,-8.25646E-06,80,3.54010000000001E-06,282477.896104629
-2.7,-8.08106E-06,80,3.54219999999998E-06,282310.428547232
-2.65,-7.90224E-06,80,3.56289999999999E-06,280670.240534397
-2.6,-7.72477E-06,80,3.50590000000002E-06,285233.463589947
-2.55,-7.55165E-06,80,3.4856E-06,286894.652283682
-2.5,-7.37621E-06,80,3.45029999999999E-06,289829.869866389
-2.45,-7.20662E-06,80,3.4856E-06,286894.652283682
-2.4,-7.02765E-06,80,3.5074E-06,285111.478588128
-2.35,-6.85588E-06,80,3.45430000000001E-06,289494.253539066
-2.3,-6.68222E-06,80,3.5093E-06,284957.11395435
-2.25,-6.50495E-06,80,3.48819999999999E-06,286680.809586607
-2.2,-6.3334E-06,80,3.45959999999999E-06,289050.757312985
-2.15,-6.15899E-06,80,3.4605E-06,288975.581563358
-2.1,-5.98735E-06,80,3.4431E-06,290435.944352473
-2.05,-5.81468E-06,80,3.49689999999999E-06,285967.571277418
-2,-5.63766E-06,80,3.54650000000001E-06,281968.137600451
-1.95,-5.46003E-06,80,3.55360000000001E-06,281404.772624943
-1.9,-5.2823E-06,80,3.5535E-06,281412.691712396
-1.85,-5.10468E-06,80,3.57629999999999E-06,279618.600229288
-1.8,-4.92467E-06,80,3.6357E-06,275050.19666089
-1.75,-4.74111E-06,80,3.6891E-06,271068.824374508
-1.7,-4.55576E-06,80,3.7121E-06,269389.294469438
-1.65,-4.3699E-06,80,3.7293E-06,268146.837208055
-1.6,-4.18283E-06,80,3.79729999999999E-06,263345.008295368
-1.55,-3.99017E-06,80,3.8613E-06,258980.136223552
-1.5,-3.7967E-06,80,3.8946E-06,256765.778257074
-1.45,-3.60071E-06,80,3.93580000000001E-06,254077.951115402
-1.4,-3.40312E-06,80,3.97550000000001E-06,251540.686706074
-1.35,-3.20316E-06,80,4.0075E-06,249532.127261385
-1.3,-3.00237E-06,80,4.0577E-06,246445.030435961
-1.25,-2.79739E-06,80,4.0976E-06,244045.294806716
-1.2,-2.59261E-06,80,4.0922E-06,244367.332974928
-1.15,-2.38817E-06,80,4.0831E-06,244911.954152482
-1.1,-2.1843E-06,80,4.0642E-06,246050.883322671
-1.05,-1.98175E-06,80,4.0209E-06,248700.539680171
-1,-1.78221E-06,80,3.9503E-06,253145.330734375
-0.95,-1.58672E-06,80,3.8445E-06,260111.848094681
-0.9,-1.39776E-06,80,3.7542E-06,266368.334132439
-0.85,-1.2113E-06,80,3.5842E-06,279002.28781876
-0.8,-1.03934E-06,80,3.331E-06,300210.147102972
-0.75,-8.782E-07,80,3.1178E-06,320738.982615947
-0.7,-7.2756E-07,80,2.8719E-06,348201.539050803
-0.65,-5.9101E-07,80,2.5812E-06,387416.705408337
-0.6,-4.6944E-07,80,2.2715E-06,440237.728373321
-0.55,-3.6386E-07,80,1.95436E-06,511676.456742872
-0.5,-2.74004E-07,80,1.64578E-06,607614.626499289
-0.45,-1.99282E-07,80,1.34538E-06,743284.425218154
-0.4,-1.39466E-07,80,1.06174E-06,941850.170474881
-0.35,-9.3108E-08,80,8.09379999999999E-07,1235513.60300477
-0.3,-5.8528E-08,80,5.8714E-07,1703171.30496985
-0.25,-3.4394E-08,80,3.9614E-07,2524360.07472106
-0.2,-1.8914E-08,80,2.523E-07,3963535.47364249
-0.15,-9.164E-09,80,1.5567E-07,6423845.31380484
-0.1,-3.347E-09,80,6.837E-08,14626298.0839549
-0.05,-2.327E-09,80,3.831E-08,26102845.2101279
0,4.84E-10,80,4.484E-08,22301516.5031222
0.05,2.157E-09,80,2.659E-08,37608123.3546446
0.1,3.143E-09,80,2.314E-08,43215211.7545376
0.15,4.471E-09,80,3.331E-08,30021014.7102972
0.2,6.474E-09,80,4.55E-08,21978021.978022
0.25,9.021E-09,80,5.183E-08,19293845.263361
0.3,1.1657E-08,80,6.373E-08,15691197.2383493
0.35,1.5394E-08,80,8.436E-08,11853959.2223803
0.4,2.0093E-08,80,9.717E-08,10291242.1529279
0.45,2.5111E-08,80,1.1286E-07,8860535.17632465
0.5,3.1379E-08,80,1.3959E-07,7163836.951071
0.55,3.907E-08,80,1.6114E-07,6205783.79049274
0.6,4.7493E-08,80,1.8091E-07,5527610.41401802
0.65,5.7161E-08,80,2.1033E-07,4754433.50924738
0.7,6.8526E-08,80,2.4374E-07,4102732.41979158
0.75,8.1535E-08,80,2.7057E-07,3695901.24551872
0.8,9.5583E-08,80,3.0166E-07,3314990.38652788
0.85,1.11701E-07,80,3.4273E-07,2917748.66512999
0.9,1.29856E-07,80,3.7857E-07,2641519.40196001
0.95,1.49558E-07,80,4.1441E-07,2413069.18269347
1,1.71297E-07,80,4.8604E-07,2057443.83178339
1.05,1.98162E-07,80,5.05089999999999E-07,1979845.17610723
1.1,2.21806E-07,80,5.2038E-07,1921672.6238518
1.15,2.502E-07,80,6.00920000000001E-07,1664115.02363043
1.2,2.81898E-07,80,6.55620000000001E-07,1525273.7866447
1.25,3.15762E-07,80,6.98439999999999E-07,1431762.21293168
1.3,3.51742E-07,80,7.59799999999999E-07,1316135.82521716
1.35,3.91742E-07,80,8.0288E-07,1245516.1418892
1.4,4.3203E-07,80,8.41780000000002E-07,1187958.84910546
1.45,4.7592E-07,80,9.12300000000002E-07,1096130.65877452
1.5,5.2326E-07,80,9.82599999999999E-07,1017708.12131081
1.55,5.7418E-07,80,1.0441E-06,957762.666411264
1.6,6.2767E-07,80,1.1318E-06,883548.330093657
1.65,6.8736E-07,80,1.206E-06,829187.396351574
1.7,7.4827E-07,80,1.2576E-06,795165.394402034
1.75,8.1312E-07,80,1.3308E-06,751427.712654044
1.8,8.8135E-07,80,1.4293E-06,699643.181977192
1.85,9.5605E-07,80,1.5424E-06,648340.248962656
1.9,1.03559E-06,80,1.6248E-06,615460.364352535
1.95,1.11853E-06,80,1.693E-06,590667.454223271
2,1.20489E-06,80,1.7869E-06,559628.406737925
2.05,1.29722E-06,80,1.8932E-06,528206.21170505
2.1,1.39421E-06,80,1.9879E-06,503043.412646512
2.15,1.49601E-06,80,2.0834E-06,479984.640491505
2.2,1.60255E-06,80,2.1717E-06,460468.757194825
2.25,1.71318E-06,80,2.2689E-06,440742.209881441
2.3,1.82944E-06,80,2.3759E-06,420893.135232965
2.35,1.95077E-06,80,2.48280000000001E-06,402771.064926694
2.4,2.07772E-06,80,2.5828E-06,387176.70744928
2.45,2.20905E-06,80,2.6954E-06,371002.448616161
2.5,2.34726E-06,80,2.823E-06,354233.085370174
2.55,2.49135E-06,80,2.9297E-06,341331.876983992
2.6,2.64023E-06,80,3.03910000000001E-06,329044.782994964
2.65,2.79526E-06,80,3.16E-06,316455.696202532
2.7,2.95623E-06,80,3.2786E-06,305008.235222351
2.75,3.12312E-06,80,3.3977E-06,294316.743679548
2.8,3.296E-06,80,3.5266E-06,283559.235524301
2.85,3.47578E-06,80,3.64690000000002E-06,274205.489593901
2.9,3.66069E-06,80,3.77679999999999E-06,264774.412200805
2.95,3.85346E-06,80,3.9283E-06,254563.042537484
3,4.05352E-06,80,4.0469E-06,247102.720600954
3.05,4.25815E-06,80,4.17879999999999E-06,239303.149229444
3.1,4.4714E-06,80,4.32620000000002E-06,231149.738800794
3.15,4.69077E-06,80,4.4733E-06,223548.610645385
3.2,4.91873E-06,80,4.6084E-06,216995.052512803
3.25,5.15161E-06,80,4.73499999999999E-06,211193.241816262
3.3,5.39223E-06,80,4.87119999999999E-06,205288.224667433
3.35,5.63873E-06,80,5.03410000000002E-06,198645.239466835
3.4,5.89564E-06,80,5.2096E-06,191953.316953317
3.45,6.15969E-06,80,5.3634E-06,186448.894358056
3.5,6.43198E-06,80,5.5245E-06,181011.856276586
3.55,6.71214E-06,80,5.6957E-06,175571.044823288
3.6,7.00155E-06,80,5.84360000000002E-06,171127.387227051
3.65,7.2965E-06,80,5.98999999999999E-06,166944.908180301
3.7,7.60055E-06,80,6.1506E-06,162585.763990505
3.75,7.91156E-06,80,6.3107E-06,158461.02651053
3.8,8.23162E-06,80,6.50459999999998E-06,153737.355102543
3.85,8.56202E-06,80,6.67850000000003E-06,149734.221756382
3.9,8.89947E-06,80,6.8388E-06,146224.483827572
3.95,9.2459E-06,80,7.04259999999999E-06,141993.013943714
4,9.60373E-06,80,7.21420000000004E-06,138615.508303068
4.05,9.96732E-06,80,7.38160000000002E-06,135471.984393627
4.1,1.034189E-05,80,7.60919999999995E-06,131419.86016927
4.15,1.072824E-05,80,7.65109999999995E-06,130700.160761199
4.2,1.1107E-05,80,7.85260000000002E-06,127346.356620737
4.25,1.15135E-05,80,8.14900000000002E-06,122714.443489998
4.3,1.19219E-05,80,8.30899999999995E-06,120351.426164401
4.35,1.23444E-05,80,8.58399999999996E-06,116495.806150979
4.4,1.27803E-05,80,8.80500000000004E-06,113571.834185122
4.45,1.32249E-05,80,9.00800000000003E-06,111012.43339254
4.5,1.36811E-05,80,9.18200000000002E-06,108908.734480505
4.55,1.41431E-05,80,9.38599999999995E-06,106541.657788196
4.6,1.46197E-05,80,9.67499999999995E-06,103359.173126615
4.65,1.51106E-05,80,9.90300000000005E-06,100979.501161264
4.7,1.561E-05,80,1.0045E-05,99552.0159283222
4.75,1.61151E-05,80,1.0189E-05,98145.0583963096
4.8,1.66289E-05,80,1.04469999999999E-05,95721.259691778
4.85,1.71598E-05,80,1.06629999999999E-05,93782.2376441907
4.9,1.76952E-05,80,1.0887E-05,91852.6683200145
4.95,1.82485E-05,80,1.1217E-05,89150.3967192651
5,1.88169E-05,80,1.1368E-05,87966.2209711468
-5,-1.85001E-05,100,6.37999999999999E-06,156739.811912226
-4.95,-1.81811E-05,100,6.11700000000002E-06,163478.82949158
-4.9,-1.78884E-05,100,5.76800000000003E-06,173370.319001386
-4.85,-1.76043E-05,100,5.66899999999997E-06,176397.953783737
-4.8,-1.73215E-05,100,5.55199999999998E-06,180115.273775217
-4.75,-1.70491E-05,100,5.445E-06,183654.729109275
-4.7,-1.6777E-05,100,5.43999999999999E-06,183823.529411765
-4.65,-1.65051E-05,100,5.39800000000003E-06,185253.797702852
-4.6,-1.62372E-05,100,5.20700000000001E-06,192049.164586134
-4.55,-1.59844E-05,100,5.19899999999999E-06,192344.681669552
-4.5,-1.57173E-05,100,5.20899999999999E-06,191975.427145326
-4.45,-1.54635E-05,100,5.04800000000001E-06,198098.25673534
-4.4,-1.52125E-05,100,5.05500000000004E-06,197823.936696339
-4.35,-1.4958E-05,100,4.94299999999997E-06,202306.291725674
-4.3,-1.47182E-05,100,4.95099999999997E-06,201979.398101395
-4.25,-1.44629E-05,100,4.86100000000002E-06,205718.987862579
-4.2,-1.42321E-05,100,4.62700000000001E-06,216122.757726388
-4.15,-1.40002E-05,100,4.62599999999997E-06,216169.476869867
-4.1,-1.37695E-05,100,4.56999999999997E-06,218818.380743984
-4.05,-1.35432E-05,100,4.51900000000001E-06,221287.895552113
-4,-1.33176E-05,100,4.48200000000002E-06,223114.680946005
-3.95,-1.3095E-05,100,4.43E-06,225733.634311512
-3.9,-1.28746E-05,100,4.368E-06,228937.728937729
-3.85,-1.26582E-05,100,4.30800000000001E-06,232126.276694521
-3.8,-1.24438E-05,100,4.251E-06,235238.767348859
-3.75,-1.22331E-05,100,4.13999999999999E-06,241545.893719807
-3.7,-1.20298E-05,100,4.103E-06,243724.104313917
-3.65,-1.18228E-05,100,4.137E-06,241721.053903795
-3.6,-1.16161E-05,100,4.18400000000001E-06,239005.736137667
-3.55,-1.14044E-05,100,4.218E-06,237079.184447606
-3.5,-1.11943E-05,100,4.08E-06,245098.039215686
-3.45,-1.09964E-05,100,3.982E-06,251130.085384229
-3.4,-1.07961E-05,100,3.988E-06,250752.256770311
-3.35,-1.05976E-05,100,3.92400000000001E-06,254841.997961263
-3.3,-1.04037E-05,100,3.85899999999999E-06,259134.490800726
-3.25,-1.02117E-05,100,3.79789999999998E-06,263303.404513022
-3.2,-1.002391E-05,100,3.83459999999999E-06,260783.393313514
-3.15,-9.82824E-06,100,3.83650000000001E-06,260654.242147791
-3.1,-9.64026E-06,100,3.74460000000001E-06,267051.220424076
-3.05,-9.45378E-06,100,3.639E-06,274800.769442155
-3,-9.27636E-06,100,3.6141E-06,276694.059378545
-2.95,-9.09237E-06,100,3.6872E-06,271208.50509872
-2.9,-8.90764E-06,100,3.6274E-06,275679.550090974
-2.85,-8.72963E-06,100,3.57530000000001E-06,279696.808659412
-2.8,-8.55011E-06,100,3.60499999999999E-06,277392.51040222
-2.75,-8.36913E-06,100,3.61329999999999E-06,276755.320621039
-2.7,-8.18878E-06,100,3.5289E-06,283374.422624614
-2.65,-8.01624E-06,100,3.48299999999999E-06,287108.814240598
-2.6,-7.84048E-06,100,3.55790000000001E-06,281064.672981252
-2.55,-7.66045E-06,100,3.5459E-06,282015.84929073
-2.5,-7.48589E-06,100,3.48429999999999E-06,287001.693309991
-2.45,-7.31202E-06,100,3.45E-06,289855.072463768
-2.4,-7.14089E-06,100,3.4696E-06,288217.661978326
-2.35,-6.96506E-06,100,3.53660000000002E-06,282757.450658824
-2.3,-6.78723E-06,100,3.5293E-06,283342.305839685
-2.25,-6.61213E-06,100,3.46479999999999E-06,288616.947587163
-2.2,-6.44075E-06,100,3.4679E-06,288358.949219989
-2.15,-6.26534E-06,100,3.5141E-06,284567.883668649
-2.1,-6.08934E-06,100,3.51079999999999E-06,284835.365158939
-2.05,-5.91426E-06,100,3.50029999999999E-06,285689.798017313
-2,-5.73931E-06,100,3.469E-06,288267.512251369
-1.95,-5.56736E-06,100,3.54740000000001E-06,281896.600326999
-1.9,-5.38457E-06,100,3.61540000000001E-06,276594.56768269
-1.85,-5.20582E-06,100,3.6137E-06,276724.686609293
-1.8,-5.0232E-06,100,3.621E-06,276166.804750069
-1.75,-4.84372E-06,100,3.64499999999999E-06,274348.422496571
-1.7,-4.6587E-06,100,3.73780000000001E-06,267537.053881962
-1.65,-4.46994E-06,100,3.76300000000001E-06,265745.415891575
-1.6,-4.2824E-06,100,3.8145E-06,262157.556691572
-1.55,-4.08849E-06,100,3.8767E-06,257951.350375319
-1.5,-3.89473E-06,100,3.89599999999999E-06,256673.511293635
-1.45,-3.69889E-06,100,3.96010000000001E-06,252518.875785964
-1.4,-3.49872E-06,100,4.01370000000001E-06,249146.672646186
-1.35,-3.29752E-06,100,4.0388E-06,247598.29652372
-1.3,-3.09484E-06,100,4.0821E-06,244971.950711644
-1.25,-2.88931E-06,100,4.1103E-06,243291.243948131
-1.2,-2.68381E-06,100,4.125E-06,242424.242424242
-1.15,-2.47681E-06,100,4.13110000000001E-06,242066.277746847
-1.1,-2.2707E-06,100,4.115E-06,243013.365735116
-1.05,-2.06531E-06,100,4.08119999999999E-06,245025.972753112
-1,-1.86258E-06,100,4.0215E-06,248663.434042024
-0.95,-1.66316E-06,100,3.9568E-06,252729.478366356
-0.9,-1.4669E-06,100,3.8278E-06,261246.669104969
-0.85,-1.28038E-06,100,3.6381E-06,274868.750171793
-0.8,-1.10309E-06,100,3.4688E-06,288284.132841328
-0.75,-9.335E-07,100,3.2464E-06,308033.514046328
-0.7,-7.7845E-07,100,2.9683E-06,336893.17117542
-0.65,-6.3667E-07,100,2.7037E-06,369863.520360987
-0.6,-5.0808E-07,100,2.40485E-06,415826.350915857
-0.55,-3.96185E-07,100,2.07782E-06,481273.642567691
-0.5,-3.00298E-07,100,1.7525E-06,570613.409415121
-0.45,-2.20935E-07,100,1.51286E-06,660999.69594014
-0.4,-1.49012E-07,100,1.20135E-06,832396.886835643
-0.35,-1.008E-07,100,8.4381E-07,1185100.9113426
-0.3,-6.4631E-08,100,6.2059E-07,1611369.82548865
-0.25,-3.8741E-08,100,4.363E-07,2292000.91680037
-0.2,-2.1001E-08,100,2.8335E-07,3529204.16446091
-0.15,-1.0406E-08,100,1.6344E-07,6118453.25501713
-0.1,-4.657E-09,100,9.528E-08,10495382.031906
-0.05,-8.78E-10,100,5.791E-08,17268174.7539285
0,1.134E-09,100,2.982E-08,33534540.5767941
0.05,2.104E-09,100,2.498E-08,40032025.6204964
0.1,3.632E-09,100,3.677E-08,27196083.763938
0.15,5.781E-09,100,2.566E-08,38971161.340608
0.2,6.198E-09,100,4.311E-08,23196474.1359313
0.25,1.0092E-08,100,8.155E-08,12262415.6958921
0.3,1.4353E-08,100,8.601E-08,11626555.0517382
0.35,1.8693E-08,100,9.332E-08,10715816.5452207
0.4,2.3685E-08,100,1.1965E-07,8357709.98746343
0.45,3.0658E-08,100,1.4825E-07,6745362.56323777
0.5,3.851E-08,100,1.6561E-07,6038282.7123966
0.55,4.7219E-08,100,1.9052E-07,5248792.77766114
0.6,5.7562E-08,100,2.2887E-07,4369292.6115262
0.65,7.0106E-08,100,2.411E-07,4147656.57403567
0.7,8.1672E-08,100,2.8173E-07,3549497.74606893
0.75,9.8279E-08,100,3.4897E-07,2865575.83746454
0.8,1.16569E-07,100,3.6142E-07,2766864.03630125
0.85,1.34421E-07,100,4.0287E-07,2482190.28470723
0.9,1.56856E-07,100,4.72519999999999E-07,2116312.53703547
0.95,1.81673E-07,100,5.1646E-07,1936258.37431747
1,2.08502E-07,100,5.591E-07,1788588.80343409
1.05,2.37583E-07,100,6.16269999999999E-07,1622665.3901699
1.1,2.70129E-07,100,6.81989999999999E-07,1466297.1597824
1.15,3.05782E-07,100,7.36480000000001E-07,1357810.12383228
1.2,3.43777E-07,100,7.94540000000001E-07,1258589.87590304
1.25,3.85236E-07,100,8.41729999999999E-07,1188029.41560833
1.3,4.2795E-07,100,9.1734E-07,1090108.35677066
1.35,4.7697E-07,100,9.816E-07,1018744.90627547
1.4,5.2611E-07,100,1.029E-06,971817.298347909
1.45,5.7987E-07,100,1.1171E-06,895175.006713811
1.5,6.3782E-07,100,1.221E-06,819000.81900082
1.55,7.0197E-07,100,1.3226E-06,756086.496295177
1.6,7.7008E-07,100,1.3849E-06,722073.795941946
1.65,8.4046E-07,100,1.4781E-06,676544.212164264
1.7,9.1789E-07,100,1.5921E-06,628101.249921486
1.75,9.9967E-07,100,1.6692E-06,599089.384136114
1.8,1.08481E-06,100,1.7423E-06,573953.968891696
1.85,1.1739E-06,100,1.8604E-06,537518.813158461
1.9,1.27085E-06,100,1.9987E-06,500325.211387401
1.95,1.37377E-06,100,2.1044E-06,475194.82988025
2,1.48129E-06,100,2.1922E-06,456162.758872365
2.05,1.59299E-06,100,2.2974E-06,435274.658309393
2.1,1.71103E-06,100,2.4332E-06,410981.423639652
2.15,1.83631E-06,100,2.5628E-06,390198.220696114
2.2,1.96731E-06,100,2.68E-06,373134.328358209
2.25,2.10431E-06,100,2.7966E-06,357577.057855968
2.3,2.24697E-06,100,2.9255E-06,341821.910784482
2.35,2.39686E-06,100,3.06520000000001E-06,326242.985775805
2.4,2.55349E-06,100,3.1988E-06,312617.231461798
2.45,2.71674E-06,100,3.3268E-06,300589.154743297
2.5,2.88617E-06,100,3.4665E-06,288475.407471513
2.55,3.06339E-06,100,3.61479999999999E-06,276640.478034747
2.6,3.24765E-06,100,3.76770000000001E-06,265413.912997318
2.65,3.44016E-06,100,3.9159E-06,255369.136086213
2.7,3.63924E-06,100,4.0313E-06,248058.93880386
2.75,3.84329E-06,100,4.18799999999999E-06,238777.459407832
2.8,4.05804E-06,100,4.37029999999999E-06,228817.243667483
2.85,4.28032E-06,100,4.51880000000002E-06,221297.689652119
2.9,4.50992E-06,100,4.6818E-06,213593.06249733
2.95,4.7485E-06,100,4.8578E-06,205854.50203796
3,4.9957E-06,100,5.0159E-06,199366.016068901
3.05,5.25009E-06,100,5.1901E-06,192674.514941909
3.1,5.51471E-06,100,5.35600000000001E-06,186706.497386109
3.15,5.78569E-06,100,5.52599999999999E-06,180962.721679334
3.2,6.06731E-06,100,5.7288E-06,174556.626169529
3.25,6.35857E-06,100,5.8834E-06,169969.745385321
3.3,6.65565E-06,100,6.07019999999999E-06,164739.217818194
3.35,6.96559E-06,100,6.25710000000003E-06,159818.446245065
3.4,7.28136E-06,100,6.48159999999999E-06,154282.893112812
3.45,7.61375E-06,100,6.69469999999999E-06,149371.891197515
3.5,7.95083E-06,100,6.8302E-06,146408.597112822
3.55,8.29677E-06,100,7.0396E-06,142053.52576851
3.6,8.65479E-06,100,7.23360000000002E-06,138243.751382437
3.65,9.02013E-06,100,7.44789999999999E-06,134266.034721197
3.7,9.39958E-06,100,7.6385E-06,130915.7557112
3.75,9.78398E-06,100,7.8643E-06,127156.89889755
3.8,1.018601E-05,100,8.11029999999999E-06,123300.001233
3.85,1.059501E-05,100,8.03090000000003E-06,124519.045187961
3.9,1.09891E-05,100,8.16689999999999E-06,122445.481149518
3.95,1.14117E-05,100,8.66699999999999E-06,115380.177685474
4,1.18558E-05,100,8.99800000000003E-06,111135.807957324
4.05,1.23115E-05,100,9.18700000000003E-06,108849.461195167
4.1,1.27745E-05,100,9.37699999999995E-06,106643.915964595
4.15,1.32492E-05,100,9.64199999999995E-06,103712.92263016
4.2,1.37387E-05,100,9.90700000000004E-06,100938.730190774
4.25,1.42399E-05,100,1.0115E-05,98863.0746416211
4.3,1.47502E-05,100,1.03389999999999E-05,96721.1529161434
4.35,1.52738E-05,100,1.0635E-05,94029.1490362016
4.4,1.58137E-05,100,1.0866E-05,92030.1859009751
4.45,1.63604E-05,100,1.1081E-05,90244.5627650931
4.5,1.69218E-05,100,1.1386E-05,87827.1561566834
4.55,1.7499E-05,100,1.16499999999999E-05,85836.9098712451
4.6,1.80868E-05,100,1.1877E-05,84196.3458785892
4.65,1.86867E-05,100,1.2172E-05,82155.7673348667
4.7,1.9304E-05,100,1.2437E-05,80405.2424218056
4.75,1.99304E-05,100,1.2702E-05,78727.759407967
4.8,2.05742E-05,100,1.30469999999999E-05,76645.9722541586
4.85,2.12351E-05,100,1.32579999999999E-05,75426.1577915225
4.9,2.19E-05,100,1.34670000000001E-05,74255.5877329765
4.95,2.25818E-05,100,1.38850000000001E-05,72020.1656463806
5,2.32885E-05,100,1.41340000000001E-05,70751.3796519028
